time,subject_id,visit
2024-09-10 18:39:14.046,0000,1
2024-09-10 18:39:46.149,0001,1
2024-09-10 18:46:20.679,0000,0
2024-09-10 18:53:32.324,0000,2
2024-09-10 18:55:03.305,0000,3
2024-09-10 18:55:14.254,0000,4
2024-09-11 14:27:23.138,0000,5
2024-09-17 18:45:45.097,1,2
2024-09-17 18:47:03.015,2,2
2024-09-17 18:51:10.467,3,1
2024-09-25 17:07:10.168,125
2024-09-26 14:15:16.004,123,123
2024-09-29 17:12:28.574,512,5
2024-09-29 17:12:59.284,4214,1241
2024-10-02 17:11:11.168,101,1
2024-10-02 17:13:19.031,102,1
2024-10-02 17:14:25.281,103,1
2024-10-02 17:34:05.612,56,567
2024-10-17 19:27:30.220,9999,9999
2024-10-17 19:32:27.861,105,1
2024-10-30 17:56:08.981,6969,6969
2024-11-13 21:49:49.032,test123,1
