timestamp,device_id,x,y,z,pitch,roll,acceleration,inclination
2024-10-02 17:14:29.292,83c8c23779fed513bf54b2caa651454b,0.01,-0.93,-0.26,0.48,-74.11,0.96,-89.51
2024-10-02 17:14:29.382,83c8c23779fed513bf54b2caa651454b,0.01,-0.93,-0.26,0.47,-74.41,0.97,-89.51
2024-10-02 17:14:29.483,83c8c23779fed513bf54b2caa651454b,0.06,-0.92,-0.26,3.6,-74.05,0.96,-86.27
2024-10-02 17:14:29.582,83c8c23779fed513bf54b2caa651454b,0.09,-0.87,-0.28,5.73,-71.1,0.92,-83.98
2024-10-02 17:14:29.682,83c8c23779fed513bf54b2caa651454b,0.13,-0.92,-0.3,7.73,-70.27,0.98,-81.87
2024-10-02 17:14:29.783,83c8c23779fed513bf54b2caa651454b,0.11,-0.91,-0.24,6.55,-73.62,0.95,-83.22
2024-10-02 17:14:29.883,83c8c23779fed513bf54b2caa651454b,0.08,-0.93,-0.24,4.54,-75.04,0.96,-85.32
2024-10-02 17:14:29.983,83c8c23779fed513bf54b2caa651454b,0.12,-0.95,-0.26,6.73,-73.28,0.99,-83.02
2024-10-02 17:14:30.083,83c8c23779fed513bf54b2caa651454b,0.06,-0.94,-0.24,3.79,-75.14,0.97,-86.09
2024-10-02 17:14:30.183,83c8c23779fed513bf54b2caa651454b,0.09,-0.94,-0.25,5.17,-74.36,0.98,-84.65
2024-10-02 17:14:30.283,83c8c23779fed513bf54b2caa651454b,0.07,-0.94,-0.25,4.23,-74.42,0.98,-85.62
2024-10-02 17:14:30.383,83c8c23779fed513bf54b2caa651454b,0.11,-0.92,-0.26,6.42,-73.05,0.97,-83.33
2024-10-02 17:14:30.583,83c8c23779fed513bf54b2caa651454b,0.08,-0.92,-0.24,4.8,-74.91,0.96,-85.05
2024-10-02 17:14:30.683,83c8c23779fed513bf54b2caa651454b,0.09,-0.91,-0.23,5.58,-74.7,0.95,-84.24
2024-10-02 17:14:30.785,83c8c23779fed513bf54b2caa651454b,0.09,-0.94,-0.23,5.41,-75.19,0.98,-84.43
2024-10-02 17:14:30.883,83c8c23779fed513bf54b2caa651454b,0.08,-0.9,-0.26,5.1,-73.18,0.94,-84.69
2024-10-02 17:14:30.984,83c8c23779fed513bf54b2caa651454b,0.08,-0.91,-0.24,4.6,-74.35,0.95,-85.24
2024-10-02 17:14:31.084,83c8c23779fed513bf54b2caa651454b,0.08,-0.92,-0.25,5.05,-73.83,0.95,-84.76
2024-10-02 17:14:31.184,83c8c23779fed513bf54b2caa651454b,0.08,-0.93,-0.25,4.97,-74.09,0.97,-84.85
2024-10-02 17:14:31.284,83c8c23779fed513bf54b2caa651454b,0.06,-0.93,-0.24,3.56,-74.91,0.97,-86.32
2024-10-02 17:14:31.383,83c8c23779fed513bf54b2caa651454b,0.07,-0.94,-0.24,4.03,-75.3,0.97,-85.84
2024-10-02 17:14:31.484,83c8c23779fed513bf54b2caa651454b,0.08,-0.92,-0.25,4.54,-74.1,0.96,-85.3
2024-10-02 17:14:31.584,83c8c23779fed513bf54b2caa651454b,0.07,-0.92,-0.26,4.05,-73.56,0.96,-85.79
2024-10-02 17:14:31.684,83c8c23779fed513bf54b2caa651454b,0.07,-0.92,-0.26,4.29,-73.94,0.96,-85.54
2024-10-02 17:14:31.784,83c8c23779fed513bf54b2caa651454b,0.07,-0.92,-0.25,4.07,-74.45,0.96,-85.79
2024-10-02 17:14:31.884,83c8c23779fed513bf54b2caa651454b,0.07,-0.93,-0.26,4.26,-74.07,0.97,-85.58
2024-10-02 17:14:31.984,83c8c23779fed513bf54b2caa651454b,0.09,-0.94,-0.24,5.4,-74.77,0.98,-84.43
2024-10-02 17:14:32.084,83c8c23779fed513bf54b2caa651454b,0.08,-0.92,-0.25,5.06,-74.05,0.95,-84.76
2024-10-02 17:14:32.184,83c8c23779fed513bf54b2caa651454b,0.08,-0.92,-0.24,4.57,-74.48,0.95,-85.28
2024-10-02 17:14:32.284,83c8c23779fed513bf54b2caa651454b,0.07,-0.93,-0.24,4.27,-74.73,0.97,-85.58
2024-10-02 17:14:32.384,83c8c23779fed513bf54b2caa651454b,0.07,-0.91,-0.25,4.36,-74.19,0.95,-85.49
2024-10-02 17:14:32.485,83c8c23779fed513bf54b2caa651454b,0.08,-0.93,-0.27,4.5,-73.29,0.97,-85.32
2024-10-02 17:14:32.585,83c8c23779fed513bf54b2caa651454b,0.08,-0.93,-0.25,4.51,-74.45,0.97,-85.34
2024-10-02 17:14:32.685,83c8c23779fed513bf54b2caa651454b,0.08,-0.92,-0.24,4.79,-74.69,0.96,-85.05
2024-10-02 17:14:32.785,83c8c23779fed513bf54b2caa651454b,0.08,-0.92,-0.24,4.55,-74.54,0.96,-85.3
2024-10-02 17:14:32.885,83c8c23779fed513bf54b2caa651454b,0.08,-0.93,-0.25,4.52,-74.16,0.96,-85.32
2024-10-02 17:14:32.985,83c8c23779fed513bf54b2caa651454b,0.07,-0.93,-0.25,4.28,-74.23,0.96,-85.56
2024-10-02 17:14:33.085,83c8c23779fed513bf54b2caa651454b,0.08,-0.94,-0.23,4.51,-75.6,0.97,-85.36
2024-10-02 17:14:33.185,83c8c23779fed513bf54b2caa651454b,0.08,-0.93,-0.24,4.78,-74.97,0.96,-85.07
2024-10-02 17:14:33.285,83c8c23779fed513bf54b2caa651454b,0.07,-0.91,-0.24,4.38,-74.35,0.94,-85.47
2024-10-02 17:14:33.385,83c8c23779fed513bf54b2caa651454b,0.03,-0.95,-0.22,1.88,-76.86,0.98,-88.07
2024-10-02 17:14:33.485,83c8c23779fed513bf54b2caa651454b,0.11,-0.92,-0.29,6.36,-71.38,0.98,-83.33
2024-10-02 17:14:33.585,83c8c23779fed513bf54b2caa651454b,0.08,-0.93,-0.29,4.94,-72.09,0.98,-84.83
2024-10-02 17:14:33.685,83c8c23779fed513bf54b2caa651454b,0.11,-0.93,-0.28,6.37,-72.29,0.97,-83.36
2024-10-02 17:14:33.786,83c8c23779fed513bf54b2caa651454b,0.12,-0.92,-0.28,7.09,-71.96,0.97,-82.6
2024-10-02 17:14:33.885,83c8c23779fed513bf54b2caa651454b,0.13,-0.94,-0.27,7.71,-72.1,0.98,-81.97
2024-10-02 17:14:33.986,83c8c23779fed513bf54b2caa651454b,0.14,-0.95,-0.24,7.92,-73.78,0.99,-81.84
2024-10-02 17:14:34.086,83c8c23779fed513bf54b2caa651454b,0.1,-0.95,-0.28,5.76,-72.86,1,-84
2024-10-02 17:14:34.186,83c8c23779fed513bf54b2caa651454b,0.02,-0.93,-0.28,1.42,-73.38,0.97,-88.52
2024-10-02 17:14:34.286,83c8c23779fed513bf54b2caa651454b,0.06,-0.92,-0.26,3.34,-73.94,0.96,-86.53
2024-10-02 17:14:34.386,83c8c23779fed513bf54b2caa651454b,0.06,-0.92,-0.28,3.32,-72.61,0.97,-86.53
2024-10-02 17:14:34.486,83c8c23779fed513bf54b2caa651454b,0.08,-0.94,-0.27,4.69,-73.15,0.98,-85.11
2024-10-02 17:14:34.586,83c8c23779fed513bf54b2caa651454b,0.07,-0.92,-0.27,4.06,-73.27,0.96,-85.77
2024-10-02 17:14:34.686,83c8c23779fed513bf54b2caa651454b,0.06,-0.93,-0.25,3.79,-74.41,0.97,-86.07
2024-10-02 17:14:34.787,83c8c23779fed513bf54b2caa651454b,0.06,-0.92,-0.26,3.34,-73.94,0.96,-86.53
2024-10-02 17:14:34.886,83c8c23779fed513bf54b2caa651454b,0.08,-0.94,-0.23,4.51,-75.6,0.97,-85.36
2024-10-02 17:14:34.987,83c8c23779fed513bf54b2caa651454b,0.05,-0.91,-0.25,2.92,-74.22,0.94,-86.97
2024-10-02 17:14:35.087,83c8c23779fed513bf54b2caa651454b,0.07,-0.96,-0.24,4.15,-75.43,1,-85.73
2024-10-02 17:14:35.187,83c8c23779fed513bf54b2caa651454b,0.06,-0.92,-0.24,3.63,-74.89,0.95,-86.25
2024-10-02 17:14:35.287,83c8c23779fed513bf54b2caa651454b,0.06,-0.93,-0.25,3.57,-74.4,0.96,-86.3
2024-10-02 17:14:35.387,83c8c23779fed513bf54b2caa651454b,0.06,-0.92,-0.26,3.61,-73.98,0.95,-86.25
2024-10-02 17:14:35.487,83c8c23779fed513bf54b2caa651454b,0.06,-0.92,-0.26,3.34,-73.72,0.96,-86.53
2024-10-02 17:14:35.587,83c8c23779fed513bf54b2caa651454b,0.08,-0.92,-0.2,4.88,-76.99,0.94,-85.01
2024-10-02 17:14:35.789,83c8c23779fed513bf54b2caa651454b,0.05,-0.9,-0.26,3.18,-73.58,0.94,-86.69
2024-10-02 17:14:35.887,83c8c23779fed513bf54b2caa651454b,0.07,-0.93,-0.26,4.03,-73.63,0.97,-85.81
2024-10-02 17:14:35.988,83c8c23779fed513bf54b2caa651454b,0.06,-0.92,-0.26,3.82,-74.06,0.96,-86.04
2024-10-02 17:14:36.087,83c8c23779fed513bf54b2caa651454b,0.07,-0.93,-0.26,4.27,-73.57,0.97,-85.56
2024-10-02 17:14:36.188,83c8c23779fed513bf54b2caa651454b,0.04,-0.92,-0.27,2.63,-73.33,0.96,-87.26
2024-10-02 17:14:36.288,83c8c23779fed513bf54b2caa651454b,0.07,-0.92,-0.29,4.05,-71.88,0.96,-85.75
2024-10-02 17:14:36.387,83c8c23779fed513bf54b2caa651454b,0.07,-0.91,-0.28,4.32,-72.63,0.96,-85.49
2024-10-02 17:14:36.515,83c8c23779fed513bf54b2caa651454b,0.09,-0.93,-0.29,5.41,-71.95,0.98,-84.34
2024-10-02 17:14:36.588,83c8c23779fed513bf54b2caa651454b,0.1,-0.92,-0.3,6.1,-70.83,0.98,-83.58
2024-10-02 17:14:36.688,83c8c23779fed513bf54b2caa651454b,0.07,-0.92,-0.28,4.26,-72.63,0.97,-85.54
2024-10-02 17:14:36.789,83c8c23779fed513bf54b2caa651454b,0.03,-0.98,-0.25,1.82,-75.63,1.01,-88.12
2024-10-02 17:14:36.888,83c8c23779fed513bf54b2caa651454b,0.02,-0.86,-0.26,1.53,-73.43,0.9,-88.41
2024-10-02 17:14:37.011,83c8c23779fed513bf54b2caa651454b,0.08,-0.97,-0.26,4.57,-74.51,1,-85.28
2024-10-02 17:14:37.088,83c8c23779fed513bf54b2caa651454b,0.04,-0.91,-0.28,2.4,-72.77,0.95,-87.49
2024-10-02 17:14:37.188,83c8c23779fed513bf54b2caa651454b,0.05,-0.93,-0.3,2.8,-71.73,0.98,-87.05
2024-10-02 17:14:37.288,83c8c23779fed513bf54b2caa651454b,0.06,-0.92,-0.28,3.33,-72.76,0.96,-86.52
2024-10-02 17:14:37.388,83c8c23779fed513bf54b2caa651454b,0.08,-0.93,-0.28,4.47,-72.71,0.98,-85.34
2024-10-02 17:14:37.525,83c8c23779fed513bf54b2caa651454b,0.07,-0.94,-0.28,4.22,-73.05,0.98,-85.6
2024-10-02 17:14:37.589,83c8c23779fed513bf54b2caa651454b,0.06,-0.91,-0.3,3.58,-71.46,0.96,-86.24
2024-10-02 17:14:37.689,83c8c23779fed513bf54b2caa651454b,0.06,-0.91,-0.29,3.84,-71.78,0.96,-85.97
2024-10-02 17:14:37.789,83c8c23779fed513bf54b2caa651454b,0.06,-0.92,-0.3,3.54,-71.9,0.97,-86.28
2024-10-02 17:14:37.889,83c8c23779fed513bf54b2caa651454b,0.06,-0.93,-0.29,3.3,-72.46,0.97,-86.55
2024-10-02 17:14:38.015,83c8c23779fed513bf54b2caa651454b,0.06,-0.91,-0.28,3.36,-72.84,0.95,-86.49
2024-10-02 17:14:38.089,83c8c23779fed513bf54b2caa651454b,0.05,-0.93,-0.28,2.83,-73.27,0.97,-87.05
2024-10-02 17:14:38.189,83c8c23779fed513bf54b2caa651454b,0.06,-0.92,-0.29,3.58,-72.19,0.96,-86.25
2024-10-02 17:14:38.290,83c8c23779fed513bf54b2caa651454b,0.04,-0.9,-0.29,2.66,-72.14,0.95,-87.21
2024-10-02 17:14:38.389,83c8c23779fed513bf54b2caa651454b,0.06,-0.92,-0.29,3.79,-72,0.97,-86.02
2024-10-02 17:14:38.512,83c8c23779fed513bf54b2caa651454b,0.05,-0.9,-0.29,2.91,-72.03,0.95,-86.95
2024-10-02 17:14:38.589,83c8c23779fed513bf54b2caa651454b,0.05,-0.91,-0.3,3.1,-71.32,0.96,-86.74
2024-10-02 17:14:38.689,83c8c23779fed513bf54b2caa651454b,0.06,-0.92,-0.3,3.79,-71.78,0.97,-86.02
2024-10-02 17:14:38.790,83c8c23779fed513bf54b2caa651454b,0.06,-0.92,-0.28,3.79,-72.73,0.97,-86.04
2024-10-02 17:14:38.890,83c8c23779fed513bf54b2caa651454b,0.08,-0.9,-0.28,5.07,-71.86,0.95,-84.69
2024-10-02 17:14:39.014,83c8c23779fed513bf54b2caa651454b,0.1,-0.95,-0.29,5.51,-72.31,1,-84.24
2024-10-02 17:14:39.090,83c8c23779fed513bf54b2caa651454b,0.08,-0.92,-0.29,4.95,-71.8,0.97,-84.81
2024-10-02 17:14:39.190,83c8c23779fed513bf54b2caa651454b,0.08,-0.92,-0.24,4.8,-74.91,0.96,-85.05
2024-10-02 17:14:39.290,83c8c23779fed513bf54b2caa651454b,0,-0.95,-0.3,0,-72.29,1,-90
2024-10-02 17:14:39.390,83c8c23779fed513bf54b2caa651454b,0.12,-0.93,-0.22,7.38,-74.84,0.97,-82.42
2024-10-02 17:14:39.510,83c8c23779fed513bf54b2caa651454b,0.03,-0.88,-0.3,1.98,-71,0.93,-87.91
2024-10-02 17:14:39.590,83c8c23779fed513bf54b2caa651454b,0.06,-0.94,-0.25,3.78,-74.48,0.97,-86.09
2024-10-02 17:14:39.690,83c8c23779fed513bf54b2caa651454b,0.06,-0.92,-0.27,3.56,-73.22,0.97,-86.28
2024-10-02 17:14:39.790,83c8c23779fed513bf54b2caa651454b,0.05,-0.92,-0.29,2.85,-72.39,0.97,-87.01
2024-10-02 17:14:39.890,83c8c23779fed513bf54b2caa651454b,0.05,-0.95,-0.27,3.02,-73.72,0.99,-86.86
2024-10-02 17:14:40.017,83c8c23779fed513bf54b2caa651454b,0.06,-0.91,-0.3,3.35,-71.2,0.96,-86.47
2024-10-02 17:14:40.091,83c8c23779fed513bf54b2caa651454b,0.06,-0.89,-0.3,3.41,-71.11,0.94,-86.41
2024-10-02 17:14:40.191,83c8c23779fed513bf54b2caa651454b,0.04,-0.9,-0.29,2.42,-72.1,0.95,-87.46
2024-10-02 17:14:40.291,83c8c23779fed513bf54b2caa651454b,0.03,-0.92,-0.29,1.91,-72.22,0.96,-88
2024-10-02 17:14:40.391,83c8c23779fed513bf54b2caa651454b,0.04,-0.94,-0.32,2.07,-71.38,1,-87.82
2024-10-02 17:14:40.512,83c8c23779fed513bf54b2caa651454b,0.07,-0.92,-0.3,4.02,-71.51,0.97,-85.77
2024-10-02 17:14:40.591,83c8c23779fed513bf54b2caa651454b,0.06,-0.9,-0.3,3.36,-71.12,0.96,-86.46
2024-10-02 17:14:40.691,83c8c23779fed513bf54b2caa651454b,0.04,-0.91,-0.29,2.4,-72.02,0.95,-87.48
2024-10-02 17:14:40.792,83c8c23779fed513bf54b2caa651454b,0.04,-0.91,-0.24,2.67,-75.25,0.94,-87.24
2024-10-02 17:14:41.012,83c8c23779fed513bf54b2caa651454b,0.06,-0.91,-0.3,3.57,-71.23,0.96,-86.24
2024-10-02 17:14:41.091,83c8c23779fed513bf54b2caa651454b,0.02,-0.92,-0.3,1.42,-71.66,0.97,-88.51
2024-10-02 17:14:41.191,83c8c23779fed513bf54b2caa651454b,0.05,-0.92,-0.3,3.06,-71.76,0.97,-86.78
2024-10-02 17:14:41.292,83c8c23779fed513bf54b2caa651454b,0.05,-0.91,-0.31,2.86,-70.83,0.96,-86.97
2024-10-02 17:14:41.392,83c8c23779fed513bf54b2caa651454b,0.05,-0.92,-0.3,3.08,-71.91,0.97,-86.76
2024-10-02 17:14:41.514,83c8c23779fed513bf54b2caa651454b,0.04,-0.92,-0.31,2.36,-71.35,0.97,-87.51
2024-10-02 17:14:41.592,83c8c23779fed513bf54b2caa651454b,0.04,-0.91,-0.31,2.15,-71.14,0.96,-87.73
2024-10-02 17:14:41.692,83c8c23779fed513bf54b2caa651454b,0.05,-0.91,-0.31,2.85,-71.13,0.96,-86.99
2024-10-02 17:14:41.793,83c8c23779fed513bf54b2caa651454b,0.03,-0.91,-0.3,1.91,-71.7,0.96,-87.99
2024-10-02 17:14:41.892,83c8c23779fed513bf54b2caa651454b,0.02,-0.88,-0.32,0.98,-69.76,0.94,-88.96
2024-10-02 17:14:42.013,83c8c23779fed513bf54b2caa651454b,0.04,-0.89,-0.28,2.69,-72.37,0.94,-87.18
2024-10-02 17:14:42.092,83c8c23779fed513bf54b2caa651454b,0.11,-0.92,-0.26,6.44,-72.77,0.96,-83.3
2024-10-02 17:14:42.192,83c8c23779fed513bf54b2caa651454b,0.04,-0.9,-0.31,2.16,-71.07,0.96,-87.72
2024-10-02 17:14:42.292,83c8c23779fed513bf54b2caa651454b,0.07,-0.93,-0.31,3.96,-71.09,0.99,-85.83
2024-10-02 17:14:42.392,83c8c23779fed513bf54b2caa651454b,0.03,-0.88,-0.36,1.92,-67.98,0.95,-87.93
2024-10-02 17:14:42.516,83c8c23779fed513bf54b2caa651454b,0.04,-0.84,-0.42,2.67,-63.2,0.95,-87.02
2024-10-02 17:14:42.593,83c8c23779fed513bf54b2caa651454b,0.06,-0.88,-0.39,3.32,-66.08,0.97,-86.38
2024-10-02 17:14:42.693,83c8c23779fed513bf54b2caa651454b,0.06,-0.88,-0.37,3.59,-67.13,0.96,-86.12
2024-10-02 17:14:42.793,83c8c23779fed513bf54b2caa651454b,0.06,-0.89,-0.37,3.57,-67.01,0.96,-86.13
2024-10-02 17:14:42.893,83c8c23779fed513bf54b2caa651454b,0.04,-0.88,-0.38,2.62,-66.82,0.96,-87.15
2024-10-02 17:14:43.014,83c8c23779fed513bf54b2caa651454b,0.04,-0.87,-0.38,2.66,-66.22,0.95,-87.1
2024-10-02 17:14:43.093,83c8c23779fed513bf54b2caa651454b,0.06,-0.89,-0.38,3.32,-66.82,0.97,-86.39
2024-10-02 17:14:43.193,83c8c23779fed513bf54b2caa651454b,0.05,-0.88,-0.38,3.09,-66.33,0.97,-86.63
2024-10-02 17:14:43.293,83c8c23779fed513bf54b2caa651454b,0.07,-0.87,-0.39,4.31,-65.44,0.96,-85.28
2024-10-02 17:14:43.393,83c8c23779fed513bf54b2caa651454b,0.04,-0.88,-0.38,2.62,-66.29,0.96,-87.14
2024-10-02 17:14:43.513,83c8c23779fed513bf54b2caa651454b,0.06,-0.88,-0.37,3.82,-66.88,0.96,-85.86
2024-10-02 17:14:43.593,83c8c23779fed513bf54b2caa651454b,0.05,-0.88,-0.38,3.1,-66.76,0.96,-86.63
2024-10-02 17:14:43.693,83c8c23779fed513bf54b2caa651454b,0.05,-0.87,-0.38,3.13,-66.26,0.95,-86.59
2024-10-02 17:14:43.793,83c8c23779fed513bf54b2caa651454b,0.05,-0.88,-0.38,2.87,-66.7,0.96,-86.88
2024-10-02 17:14:43.894,83c8c23779fed513bf54b2caa651454b,0.06,-0.9,-0.37,3.29,-67.32,0.98,-86.44
2024-10-02 17:14:44.015,83c8c23779fed513bf54b2caa651454b,0.06,-0.88,-0.38,3.58,-66.39,0.96,-86.1
2024-10-02 17:14:44.094,83c8c23779fed513bf54b2caa651454b,0.07,-0.89,-0.37,4.28,-66.89,0.97,-85.36
2024-10-02 17:14:44.194,83c8c23779fed513bf54b2caa651454b,0.04,-0.88,-0.37,2.63,-67.04,0.96,-87.15
2024-10-02 17:14:44.294,83c8c23779fed513bf54b2caa651454b,0.05,-0.88,-0.37,3.12,-66.89,0.96,-86.62
2024-10-02 17:14:44.394,83c8c23779fed513bf54b2caa651454b,0.06,-0.89,-0.38,3.78,-66.64,0.97,-85.9
2024-10-02 17:14:44.511,83c8c23779fed513bf54b2caa651454b,0.05,-0.88,-0.38,3.09,-66.55,0.96,-86.63
2024-10-02 17:14:44.594,83c8c23779fed513bf54b2caa651454b,0.07,-0.88,-0.36,4.11,-67.3,0.95,-85.56
2024-10-02 17:14:44.694,83c8c23779fed513bf54b2caa651454b,0.05,-0.88,-0.36,3.13,-67.54,0.95,-86.62
2024-10-02 17:14:44.795,83c8c23779fed513bf54b2caa651454b,0.05,-0.89,-0.36,3.11,-67.94,0.96,-86.65
2024-10-02 17:14:44.897,83c8c23779fed513bf54b2caa651454b,0.05,-0.9,-0.35,3.08,-68.43,0.97,-86.69
2024-10-02 17:14:45.016,83c8c23779fed513bf54b2caa651454b,0.05,-0.9,-0.36,3.06,-68.3,0.97,-86.71
2024-10-02 17:14:45.095,83c8c23779fed513bf54b2caa651454b,0.05,-0.88,-0.36,2.89,-67.57,0.95,-86.88
2024-10-02 17:14:45.195,83c8c23779fed513bf54b2caa651454b,0.05,-0.89,-0.37,2.85,-67.1,0.96,-86.91
2024-10-02 17:14:45.295,83c8c23779fed513bf54b2caa651454b,0.06,-0.88,-0.37,3.84,-67,0.96,-85.84
2024-10-02 17:14:45.395,83c8c23779fed513bf54b2caa651454b,0.05,-0.89,-0.36,2.87,-67.98,0.96,-86.91
2024-10-02 17:14:45.514,83c8c23779fed513bf54b2caa651454b,0.04,-0.86,-0.36,2.69,-67.01,0.94,-87.08
2024-10-02 17:14:45.595,83c8c23779fed513bf54b2caa651454b,0.06,-0.86,-0.36,3.67,-67.32,0.94,-86.03
2024-10-02 17:14:45.695,83c8c23779fed513bf54b2caa651454b,0.04,-0.89,-0.36,2.39,-67.59,0.96,-87.42
2024-10-02 17:14:45.796,83c8c23779fed513bf54b2caa651454b,0.04,-0.88,-0.37,2.64,-67.16,0.95,-87.14
2024-10-02 17:14:45.896,83c8c23779fed513bf54b2caa651454b,0.05,-0.88,-0.37,3.1,-66.98,0.96,-86.63
2024-10-02 17:14:46.023,83c8c23779fed513bf54b2caa651454b,0.06,-0.88,-0.35,3.85,-68.19,0.95,-85.86
2024-10-02 17:14:46.095,83c8c23779fed513bf54b2caa651454b,0.05,-0.88,-0.35,2.9,-68.24,0.95,-86.88
2024-10-02 17:14:46.195,83c8c23779fed513bf54b2caa651454b,0.05,-0.9,-0.36,2.82,-67.9,0.98,-86.96
2024-10-02 17:14:46.295,83c8c23779fed513bf54b2caa651454b,0.05,-0.88,-0.38,3.11,-66.67,0.96,-86.62
2024-10-02 17:14:46.395,83c8c23779fed513bf54b2caa651454b,0.06,-0.9,-0.36,3.55,-68.14,0.97,-86.19
2024-10-02 17:14:46.514,83c8c23779fed513bf54b2caa651454b,0.06,-0.89,-0.37,3.32,-67.13,0.97,-86.41
2024-10-02 17:14:46.596,83c8c23779fed513bf54b2caa651454b,0.06,-0.88,-0.36,3.62,-67.16,0.95,-86.08
2024-10-02 17:14:46.696,83c8c23779fed513bf54b2caa651454b,0.06,-0.87,-0.38,3.62,-66.1,0.95,-86.05
2024-10-02 17:14:46.796,83c8c23779fed513bf54b2caa651454b,0.06,-0.88,-0.36,3.39,-67.64,0.95,-86.34
2024-10-02 17:14:46.896,83c8c23779fed513bf54b2caa651454b,0.04,-0.88,-0.36,2.64,-67.69,0.96,-87.15
2024-10-02 17:14:47.014,83c8c23779fed513bf54b2caa651454b,0.06,-0.88,-0.37,3.34,-66.95,0.96,-86.38
2024-10-02 17:14:47.096,83c8c23779fed513bf54b2caa651454b,0.07,-0.89,-0.37,4.04,-66.93,0.97,-85.62
2024-10-02 17:14:47.196,83c8c23779fed513bf54b2caa651454b,0.08,-0.89,-0.36,4.51,-67.37,0.97,-85.13
2024-10-02 17:14:47.296,83c8c23779fed513bf54b2caa651454b,0.07,-0.9,-0.36,4.24,-67.59,0.97,-85.43
2024-10-02 17:14:47.397,83c8c23779fed513bf54b2caa651454b,0.04,-0.9,-0.36,2.12,-67.88,0.97,-87.71
2024-10-02 17:14:47.510,83c8c23779fed513bf54b2caa651454b,0.06,-0.84,-0.39,3.7,-64.73,0.93,-85.91
2024-10-02 17:14:47.596,83c8c23779fed513bf54b2caa651454b,0.1,-0.88,-0.37,5.73,-66.72,0.96,-83.8
2024-10-02 17:14:47.697,83c8c23779fed513bf54b2caa651454b,0.1,-0.89,-0.37,6.15,-66.79,0.97,-83.35
2024-10-02 17:14:47.797,83c8c23779fed513bf54b2caa651454b,0.04,-0.86,-0.39,2.68,-65.48,0.94,-87.06
2024-10-02 17:14:47.897,83c8c23779fed513bf54b2caa651454b,0.04,-0.89,-0.37,2.61,-67.44,0.97,-87.18
2024-10-02 17:14:48.012,83c8c23779fed513bf54b2caa651454b,0.08,-0.85,-0.39,4.66,-65,0.94,-84.88
2024-10-02 17:14:48.097,83c8c23779fed513bf54b2caa651454b,0.07,-0.9,-0.37,3.98,-67.3,0.98,-85.7
2024-10-02 17:14:48.197,83c8c23779fed513bf54b2caa651454b,0.08,-0.9,-0.37,4.72,-67.2,0.97,-84.9
2024-10-02 17:14:48.297,83c8c23779fed513bf54b2caa651454b,0.08,-0.88,-0.38,4.52,-66.54,0.96,-85.09
2024-10-02 17:14:48.397,83c8c23779fed513bf54b2caa651454b,0.08,-0.89,-0.38,4.48,-66.52,0.97,-85.13
2024-10-02 17:14:48.515,83c8c23779fed513bf54b2caa651454b,0.07,-0.87,-0.37,4.34,-66.51,0.95,-85.28
2024-10-02 17:14:48.597,83c8c23779fed513bf54b2caa651454b,0.07,-0.87,-0.37,4.37,-66.64,0.95,-85.26
2024-10-02 17:14:48.697,83c8c23779fed513bf54b2caa651454b,0.06,-0.87,-0.38,3.86,-66.38,0.95,-85.8
2024-10-02 17:14:48.797,83c8c23779fed513bf54b2caa651454b,0.07,-0.88,-0.38,4.27,-66.16,0.97,-85.34
2024-10-02 17:14:48.898,83c8c23779fed513bf54b2caa651454b,0.06,-0.87,-0.38,3.61,-66.19,0.95,-86.06
2024-10-02 17:14:49.011,83c8c23779fed513bf54b2caa651454b,0.08,-0.89,-0.38,4.95,-66.43,0.97,-84.62
2024-10-02 17:14:49.098,83c8c23779fed513bf54b2caa651454b,0.05,-0.89,-0.38,2.84,-66.45,0.97,-86.91
2024-10-02 17:14:49.198,83c8c23779fed513bf54b2caa651454b,0.07,-0.88,-0.38,4.3,-66.49,0.96,-85.32
2024-10-02 17:14:49.298,83c8c23779fed513bf54b2caa651454b,0.05,-0.88,-0.37,2.88,-66.91,0.96,-86.88
2024-10-02 17:14:49.398,83c8c23779fed513bf54b2caa651454b,0.06,-0.89,-0.36,3.8,-67.49,0.97,-85.9
2024-10-02 17:14:49.520,83c8c23779fed513bf54b2caa651454b,0.06,-0.9,-0.38,3.29,-67.1,0.98,-86.44
2024-10-02 17:14:49.600,83c8c23779fed513bf54b2caa651454b,0.07,-0.88,-0.37,4.3,-67.01,0.96,-85.34
2024-10-02 17:14:49.737,83c8c23779fed513bf54b2caa651454b,0.07,-0.88,-0.38,4.05,-66.62,0.96,-85.6
2024-10-02 17:14:49.799,83c8c23779fed513bf54b2caa651454b,0.06,-0.9,-0.37,3.77,-67.46,0.97,-85.93
2024-10-02 17:14:49.898,83c8c23779fed513bf54b2caa651454b,0.07,-0.88,-0.37,4.3,-67.01,0.96,-85.34
2024-10-02 17:14:50.014,83c8c23779fed513bf54b2caa651454b,0.08,-0.9,-0.37,4.7,-67.08,0.98,-84.92
2024-10-02 17:14:50.098,83c8c23779fed513bf54b2caa651454b,0.06,-0.86,-0.4,3.37,-65.16,0.95,-86.29
2024-10-02 17:14:50.199,83c8c23779fed513bf54b2caa651454b,0.03,-0.87,-0.36,1.7,-67.19,0.94,-88.15
2024-10-02 17:14:50.301,83c8c23779fed513bf54b2caa651454b,0.02,-0.91,-0.35,0.94,-69.09,0.98,-88.99
2024-10-02 17:14:50.399,83c8c23779fed513bf54b2caa651454b,0.07,-0.91,-0.38,3.94,-67.06,0.99,-85.74
2024-10-02 17:14:50.517,83c8c23779fed513bf54b2caa651454b,0.07,-0.86,-0.38,4.39,-66,0.94,-85.21
2024-10-02 17:14:50.599,83c8c23779fed513bf54b2caa651454b,0.05,-0.87,-0.37,3.15,-66.6,0.95,-86.57
2024-10-02 17:14:50.699,83c8c23779fed513bf54b2caa651454b,0.04,-0.89,-0.37,2.37,-67.24,0.97,-87.43
2024-10-02 17:14:50.799,83c8c23779fed513bf54b2caa651454b,0.09,-0.9,-0.39,5.38,-66.01,0.98,-84.14
2024-10-02 17:14:50.900,83c8c23779fed513bf54b2caa651454b,0.06,-0.88,-0.38,3.36,-66.54,0.95,-86.34
2024-10-02 17:14:51.032,83c8c23779fed513bf54b2caa651454b,0.07,-0.89,-0.37,4.27,-67.2,0.97,-85.39
2024-10-02 17:14:51.100,83c8c23779fed513bf54b2caa651454b,0.08,-0.88,-0.38,4.53,-66.23,0.96,-85.06
2024-10-02 17:14:51.199,83c8c23779fed513bf54b2caa651454b,0.06,-0.88,-0.41,3.79,-64.76,0.97,-85.82
2024-10-02 17:14:51.299,83c8c23779fed513bf54b2caa651454b,0.07,-0.9,-0.37,3.99,-67.51,0.98,-85.7
2024-10-02 17:14:51.399,83c8c23779fed513bf54b2caa651454b,0.07,-0.9,-0.37,4.25,-67.29,0.97,-85.41
2024-10-02 17:14:51.513,83c8c23779fed513bf54b2caa651454b,0.06,-0.89,-0.37,3.79,-67.06,0.97,-85.9
2024-10-02 17:14:51.599,83c8c23779fed513bf54b2caa651454b,0.07,-0.88,-0.38,4.07,-66.22,0.96,-85.56
2024-10-02 17:14:51.700,83c8c23779fed513bf54b2caa651454b,0.07,-0.89,-0.38,4.26,-66.25,0.97,-85.36
2024-10-02 17:14:51.800,83c8c23779fed513bf54b2caa651454b,0.07,-0.89,-0.37,4.26,-66.99,0.97,-85.39
2024-10-02 17:14:51.900,83c8c23779fed513bf54b2caa651454b,0.06,-0.9,-0.4,3.27,-65.95,0.98,-86.42
2024-10-02 17:14:52.016,83c8c23779fed513bf54b2caa651454b,0.08,-0.88,-0.37,4.79,-66.83,0.96,-84.81
2024-10-02 17:14:52.100,83c8c23779fed513bf54b2caa651454b,0.08,-0.9,-0.37,4.48,-67.03,0.97,-85.15
2024-10-02 17:14:52.200,83c8c23779fed513bf54b2caa651454b,0.08,-0.88,-0.37,4.54,-66.97,0.96,-85.09
2024-10-02 17:14:52.300,83c8c23779fed513bf54b2caa651454b,0.08,-0.9,-0.37,4.49,-67.25,0.97,-85.15
2024-10-02 17:14:52.400,83c8c23779fed513bf54b2caa651454b,0.07,-0.88,-0.38,4.29,-66.58,0.96,-85.34
2024-10-02 17:14:52.514,83c8c23779fed513bf54b2caa651454b,0.07,-0.88,-0.37,4.06,-66.84,0.96,-85.6
2024-10-02 17:14:52.600,83c8c23779fed513bf54b2caa651454b,0.07,-0.88,-0.37,4.29,-66.8,0.96,-85.34
2024-10-02 17:14:52.700,83c8c23779fed513bf54b2caa651454b,0.07,-0.89,-0.38,4.25,-66.56,0.97,-85.39
2024-10-02 17:14:52.800,83c8c23779fed513bf54b2caa651454b,0.09,-0.88,-0.38,5.27,-66,0.96,-84.26
2024-10-02 17:14:52.901,83c8c23779fed513bf54b2caa651454b,0.06,-0.87,-0.37,3.38,-66.66,0.95,-86.33
2024-10-02 17:14:53.011,83c8c23779fed513bf54b2caa651454b,0.07,-0.86,-0.35,4.21,-67.5,0.93,-85.46
2024-10-02 17:14:53.101,83c8c23779fed513bf54b2caa651454b,0.12,-0.93,-0.36,7.09,-67.49,1,-82.39
2024-10-02 17:14:53.201,83c8c23779fed513bf54b2caa651454b,0.06,-0.81,-0.43,3.48,-61.79,0.92,-86.05
2024-10-02 17:14:53.301,83c8c23779fed513bf54b2caa651454b,0.02,-0.9,-0.38,1.41,-66.85,0.98,-88.47
2024-10-02 17:14:53.401,83c8c23779fed513bf54b2caa651454b,0.12,-0.88,-0.37,7.16,-66.05,0.96,-82.23
2024-10-02 17:14:53.515,83c8c23779fed513bf54b2caa651454b,0.07,-0.92,-0.38,4.13,-66.99,1,-85.53
2024-10-02 17:14:53.601,83c8c23779fed513bf54b2caa651454b,0.07,-0.87,-0.37,4.12,-66.46,0.95,-85.52
2024-10-02 17:14:53.701,83c8c23779fed513bf54b2caa651454b,0.09,-0.88,-0.38,5.48,-66.04,0.96,-84.03
2024-10-02 17:14:53.801,83c8c23779fed513bf54b2caa651454b,0.07,-0.88,-0.41,4.26,-64.69,0.97,-85.3
2024-10-02 17:14:53.901,83c8c23779fed513bf54b2caa651454b,0.07,-0.88,-0.4,4.02,-65.25,0.97,-85.58
2024-10-02 17:14:54.012,83c8c23779fed513bf54b2caa651454b,0.08,-0.87,-0.39,5.02,-65.31,0.96,-84.5
2024-10-02 17:14:54.101,83c8c23779fed513bf54b2caa651454b,0.08,-0.88,-0.39,4.54,-65.71,0.96,-85.04
2024-10-02 17:14:54.201,83c8c23779fed513bf54b2caa651454b,0.07,-0.86,-0.39,4.11,-65.49,0.95,-85.5
2024-10-02 17:14:54.302,83c8c23779fed513bf54b2caa651454b,0.06,-0.87,-0.38,3.6,-65.98,0.95,-86.06
2024-10-02 17:14:54.402,83c8c23779fed513bf54b2caa651454b,0.08,-0.86,-0.39,4.82,-65.15,0.95,-84.71
2024-10-02 17:14:54.523,83c8c23779fed513bf54b2caa651454b,0.09,-0.89,-0.38,5.19,-66.59,0.97,-84.37
2024-10-02 17:14:54.602,83c8c23779fed513bf54b2caa651454b,0.08,-0.89,-0.4,4.69,-65.63,0.98,-84.88
2024-10-02 17:14:54.746,83c8c23779fed513bf54b2caa651454b,0.06,-0.9,-0.38,3.73,-66.91,0.98,-85.95
2024-10-02 17:14:54.802,83c8c23779fed513bf54b2caa651454b,0.08,-0.9,-0.39,4.68,-66.15,0.98,-84.9
2024-10-02 17:14:54.902,83c8c23779fed513bf54b2caa651454b,0.09,-0.88,-0.38,5.23,-66.4,0.96,-84.32
2024-10-02 17:14:55.013,83c8c23779fed513bf54b2caa651454b,0.1,-0.85,-0.4,5.83,-64.44,0.94,-83.57
2024-10-02 17:14:55.102,83c8c23779fed513bf54b2caa651454b,0.09,-0.87,-0.38,5.29,-66.11,0.95,-84.24
2024-10-02 17:14:55.203,83c8c23779fed513bf54b2caa651454b,0.08,-0.86,-0.4,5.05,-64.9,0.95,-84.45
2024-10-02 17:14:55.303,83c8c23779fed513bf54b2caa651454b,0.1,-0.86,-0.39,5.79,-65.17,0.95,-83.66
2024-10-02 17:14:55.403,83c8c23779fed513bf54b2caa651454b,0.06,-0.87,-0.38,3.62,-66.1,0.95,-86.05
2024-10-02 17:14:55.516,83c8c23779fed513bf54b2caa651454b,0.08,-0.89,-0.4,4.94,-65.49,0.98,-84.6
2024-10-02 17:14:55.642,83c8c23779fed513bf54b2caa651454b,0.08,-0.86,-0.4,5.06,-64.58,0.95,-84.42
2024-10-02 17:14:55.703,83c8c23779fed513bf54b2caa651454b,0.09,-0.88,-0.39,5.43,-65.51,0.97,-84.06
2024-10-02 17:14:55.803,83c8c23779fed513bf54b2caa651454b,0.08,-0.85,-0.4,4.87,-64.1,0.94,-84.61
2024-10-02 17:14:55.903,83c8c23779fed513bf54b2caa651454b,0.09,-0.84,-0.39,5.66,-64.71,0.93,-83.78
2024-10-02 17:14:56.024,83c8c23779fed513bf54b2caa651454b,0.08,-0.86,-0.39,5.08,-65.01,0.95,-84.42
2024-10-02 17:14:56.103,83c8c23779fed513bf54b2caa651454b,0.06,-0.85,-0.41,3.88,-64.14,0.95,-85.7
2024-10-02 17:14:56.203,83c8c23779fed513bf54b2caa651454b,0.11,-0.87,-0.38,6.51,-65.74,0.95,-82.91
2024-10-02 17:14:56.303,83c8c23779fed513bf54b2caa651454b,0.11,-0.9,-0.37,6.57,-66.86,0.98,-82.91
2024-10-02 17:14:56.403,83c8c23779fed513bf54b2caa651454b,0.07,-0.87,-0.41,4.03,-64.41,0.97,-85.54
2024-10-02 17:14:56.511,83c8c23779fed513bf54b2caa651454b,0.09,-0.86,-0.39,5.57,-65.12,0.95,-83.89
2024-10-02 17:14:56.604,83c8c23779fed513bf54b2caa651454b,0.07,-0.88,-0.38,4.28,-66.37,0.96,-85.34
2024-10-02 17:14:56.703,83c8c23779fed513bf54b2caa651454b,0.09,-0.86,-0.38,5.62,-65.67,0.94,-83.87
2024-10-02 17:14:56.804,83c8c23779fed513bf54b2caa651454b,0.09,-0.89,-0.41,5.15,-64.83,0.98,-84.34
2024-10-02 17:14:56.903,83c8c23779fed513bf54b2caa651454b,0.07,-0.87,-0.38,4.35,-66.2,0.95,-85.26
2024-10-02 17:14:57.017,83c8c23779fed513bf54b2caa651454b,0.08,-0.87,-0.38,5.04,-65.74,0.96,-84.5
2024-10-02 17:14:57.104,83c8c23779fed513bf54b2caa651454b,0.06,-0.87,-0.38,3.6,-65.98,0.95,-86.06
2024-10-02 17:14:57.204,83c8c23779fed513bf54b2caa651454b,0.07,-0.88,-0.37,4.33,-66.61,0.95,-85.3
2024-10-02 17:14:57.304,83c8c23779fed513bf54b2caa651454b,0.07,-0.86,-0.38,4.13,-66.14,0.94,-85.5
2024-10-02 17:14:57.404,83c8c23779fed513bf54b2caa651454b,0.07,-0.87,-0.39,4.33,-65.55,0.95,-85.26
2024-10-02 17:14:57.512,83c8c23779fed513bf54b2caa651454b,0.08,-0.89,-0.38,4.72,-66.47,0.97,-84.88
2024-10-02 17:14:57.604,83c8c23779fed513bf54b2caa651454b,0.08,-0.89,-0.38,4.49,-66.73,0.97,-85.13
2024-10-02 17:14:57.705,83c8c23779fed513bf54b2caa651454b,0.07,-0.89,-0.37,4.04,-66.93,0.97,-85.62
2024-10-02 17:14:57.804,83c8c23779fed513bf54b2caa651454b,0.07,-0.88,-0.38,4.07,-66,0.96,-85.56
2024-10-02 17:14:57.904,83c8c23779fed513bf54b2caa651454b,0.08,-0.88,-0.38,4.75,-66.28,0.97,-84.83
2024-10-02 17:14:58.013,83c8c23779fed513bf54b2caa651454b,0.06,-0.88,-0.38,3.57,-66.7,0.96,-86.12
2024-10-02 17:14:58.105,83c8c23779fed513bf54b2caa651454b,0.08,-0.88,-0.39,4.52,-65.81,0.96,-85.06
2024-10-02 17:14:58.205,83c8c23779fed513bf54b2caa651454b,0.07,-0.88,-0.38,4.05,-66.1,0.96,-85.58
2024-10-02 17:14:58.305,83c8c23779fed513bf54b2caa651454b,0.08,-0.88,-0.39,4.99,-65.72,0.97,-84.55
2024-10-02 17:14:58.405,83c8c23779fed513bf54b2caa651454b,0.06,-0.87,-0.38,3.85,-66.16,0.95,-85.8
2024-10-02 17:14:58.514,83c8c23779fed513bf54b2caa651454b,0.07,-0.88,-0.38,4.28,-66.37,0.96,-85.34
2024-10-02 17:14:58.605,83c8c23779fed513bf54b2caa651454b,0.06,-0.89,-0.38,3.55,-66.58,0.97,-86.13
2024-10-02 17:14:58.705,83c8c23779fed513bf54b2caa651454b,0.06,-0.87,-0.38,3.6,-65.98,0.95,-86.06
2024-10-02 17:14:58.805,83c8c23779fed513bf54b2caa651454b,0.07,-0.88,-0.38,4.05,-66.62,0.96,-85.6
2024-10-02 17:14:58.905,83c8c23779fed513bf54b2caa651454b,0.06,-0.89,-0.39,3.54,-65.94,0.97,-86.13
2024-10-02 17:14:59.012,83c8c23779fed513bf54b2caa651454b,0.06,-0.87,-0.38,3.87,-66.28,0.95,-85.78
2024-10-02 17:14:59.105,83c8c23779fed513bf54b2caa651454b,0.07,-0.86,-0.38,4.37,-66.1,0.95,-85.24
2024-10-02 17:14:59.205,83c8c23779fed513bf54b2caa651454b,0.06,-0.87,-0.39,3.85,-65.63,0.95,-85.78
2024-10-02 17:14:59.305,83c8c23779fed513bf54b2caa651454b,0.07,-0.88,-0.39,4.28,-65.85,0.96,-85.32
2024-10-02 17:14:59.405,83c8c23779fed513bf54b2caa651454b,0.07,-0.87,-0.4,4.06,-64.73,0.96,-85.52
2024-10-02 17:14:59.515,83c8c23779fed513bf54b2caa651454b,0.06,-0.88,-0.38,3.59,-66.07,0.96,-86.08
2024-10-02 17:14:59.606,83c8c23779fed513bf54b2caa651454b,0.07,-0.88,-0.39,4.04,-65.89,0.96,-85.58
2024-10-02 17:14:59.759,83c8c23779fed513bf54b2caa651454b,0.07,-0.86,-0.37,4.13,-66.36,0.94,-85.5
2024-10-02 17:14:59.806,83c8c23779fed513bf54b2caa651454b,0.06,-0.88,-0.38,3.81,-66.66,0.96,-85.86
2024-10-02 17:14:59.909,83c8c23779fed513bf54b2caa651454b,0.08,-0.88,-0.38,4.53,-66.02,0.96,-85.06
2024-10-02 17:15:00.055,83c8c23779fed513bf54b2caa651454b,0.06,-0.89,-0.39,3.76,-66.21,0.97,-85.9
2024-10-02 17:15:00.106,83c8c23779fed513bf54b2caa651454b,0.06,-0.89,-0.39,3.76,-66,0.98,-85.9
2024-10-02 17:15:00.207,83c8c23779fed513bf54b2caa651454b,0.05,-0.9,-0.38,3.06,-66.83,0.97,-86.68
2024-10-02 17:15:00.306,83c8c23779fed513bf54b2caa651454b,0.07,-0.89,-0.37,4.27,-67.2,0.97,-85.39
2024-10-02 17:15:00.406,83c8c23779fed513bf54b2caa651454b,0.08,-0.89,-0.38,4.73,-66.38,0.97,-84.85
2024-10-02 17:15:00.516,83c8c23779fed513bf54b2caa651454b,0.07,-0.87,-0.38,4.32,-65.87,0.96,-85.28
2024-10-02 17:15:00.633,83c8c23779fed513bf54b2caa651454b,0.07,-0.88,-0.39,4.06,-65.79,0.96,-85.56
2024-10-02 17:15:00.706,83c8c23779fed513bf54b2caa651454b,0.07,-0.88,-0.37,4.06,-66.84,0.96,-85.6
2024-10-02 17:15:00.807,83c8c23779fed513bf54b2caa651454b,0.06,-0.87,-0.38,3.85,-66.16,0.95,-85.8
2024-10-02 17:15:00.907,83c8c23779fed513bf54b2caa651454b,0.05,-0.89,-0.39,3.07,-66.21,0.97,-86.65
2024-10-02 17:15:01.017,83c8c23779fed513bf54b2caa651454b,0.06,-0.87,-0.38,3.86,-66.06,0.95,-85.78
2024-10-02 17:15:01.107,83c8c23779fed513bf54b2caa651454b,0.06,-0.87,-0.4,3.58,-65.33,0.96,-86.06
2024-10-02 17:15:01.207,83c8c23779fed513bf54b2caa651454b,0.05,-0.88,-0.38,2.87,-66.48,0.96,-86.88
2024-10-02 17:15:01.307,83c8c23779fed513bf54b2caa651454b,0.05,-0.91,-0.36,3.04,-68.47,0.98,-86.74
2024-10-02 17:15:01.407,83c8c23779fed513bf54b2caa651454b,0.08,-0.82,-0.44,4.65,-61.55,0.94,-84.73
2024-10-02 17:15:01.517,83c8c23779fed513bf54b2caa651454b,0.06,-0.87,-0.38,3.86,-66.38,0.95,-85.8
2024-10-02 17:15:01.607,83c8c23779fed513bf54b2caa651454b,0.07,-0.87,-0.4,4.06,-64.73,0.96,-85.52
2024-10-02 17:15:01.707,83c8c23779fed513bf54b2caa651454b,0.05,-0.83,-0.39,3,-64.72,0.92,-86.68
2024-10-02 17:15:01.807,83c8c23779fed513bf54b2caa651454b,0.08,-0.88,-0.39,4.51,-65.59,0.97,-85.06
2024-10-02 17:15:01.907,83c8c23779fed513bf54b2caa651454b,0.05,-0.87,-0.4,2.88,-65.32,0.96,-86.83
2024-10-02 17:15:02.016,83c8c23779fed513bf54b2caa651454b,0.08,-0.86,-0.4,4.6,-64.56,0.95,-84.93
2024-10-02 17:15:02.108,83c8c23779fed513bf54b2caa651454b,0.08,-0.86,-0.39,4.58,-65.2,0.95,-84.97
2024-10-02 17:15:02.208,83c8c23779fed513bf54b2caa651454b,0.07,-0.9,-0.38,4.24,-66.86,0.97,-85.41
2024-10-02 17:15:02.308,83c8c23779fed513bf54b2caa651454b,0.07,-0.87,-0.39,4.09,-65.59,0.95,-85.52
2024-10-02 17:15:02.408,83c8c23779fed513bf54b2caa651454b,0.08,-0.86,-0.4,4.81,-64.94,0.95,-84.71
2024-10-02 17:15:02.515,83c8c23779fed513bf54b2caa651454b,0.08,-0.86,-0.39,4.83,-65.37,0.95,-84.71
2024-10-02 17:15:02.608,83c8c23779fed513bf54b2caa651454b,0.06,-0.87,-0.4,3.82,-65.3,0.96,-85.8
2024-10-02 17:15:02.708,83c8c23779fed513bf54b2caa651454b,0.06,-0.89,-0.38,3.77,-66.42,0.97,-85.9
2024-10-02 17:15:02.808,83c8c23779fed513bf54b2caa651454b,0.08,-0.88,-0.38,4.53,-66.02,0.96,-85.06
2024-10-02 17:15:02.908,83c8c23779fed513bf54b2caa651454b,0.14,-0.86,-0.39,8.2,-64.45,0.95,-81.01
2024-10-02 17:15:03.013,83c8c23779fed513bf54b2caa651454b,0.08,-0.86,-0.38,4.63,-65.43,0.94,-84.93
2024-10-02 17:15:03.109,83c8c23779fed513bf54b2caa651454b,0.06,-0.88,-0.38,3.56,-66.27,0.97,-86.12
2024-10-02 17:15:03.208,83c8c23779fed513bf54b2caa651454b,0.06,-0.87,-0.39,3.6,-65.76,0.96,-86.06
2024-10-02 17:15:03.308,83c8c23779fed513bf54b2caa651454b,0.08,-0.87,-0.4,4.53,-64.97,0.96,-85.02
2024-10-02 17:15:03.409,83c8c23779fed513bf54b2caa651454b,0.07,-0.88,-0.39,4.04,-65.67,0.97,-85.58
2024-10-02 17:15:03.515,83c8c23779fed513bf54b2caa651454b,0.06,-0.87,-0.39,3.83,-65.51,0.96,-85.8
2024-10-02 17:15:03.610,83c8c23779fed513bf54b2caa651454b,0.07,-0.86,-0.39,4.36,-65.14,0.95,-85.21
2024-10-02 17:15:03.709,83c8c23779fed513bf54b2caa651454b,0.08,-0.87,-0.4,4.78,-65.14,0.96,-84.76
2024-10-02 17:15:03.809,83c8c23779fed513bf54b2caa651454b,0.08,-0.86,-0.38,4.85,-66.01,0.95,-84.71
2024-10-02 17:15:03.909,83c8c23779fed513bf54b2caa651454b,0.07,-0.88,-0.4,4.26,-65.21,0.97,-85.32
2024-10-02 17:15:04.012,83c8c23779fed513bf54b2caa651454b,0.06,-0.87,-0.38,3.36,-66.01,0.95,-86.33
2024-10-02 17:15:04.109,83c8c23779fed513bf54b2caa651454b,0.07,-0.86,-0.4,4.33,-65.02,0.95,-85.24
2024-10-02 17:15:04.209,83c8c23779fed513bf54b2caa651454b,0.05,-0.87,-0.39,3.13,-65.72,0.95,-86.57
2024-10-02 17:15:04.309,83c8c23779fed513bf54b2caa651454b,0.04,-0.88,-0.37,2.15,-67.08,0.96,-87.67
2024-10-02 17:15:04.409,83c8c23779fed513bf54b2caa651454b,0.12,-0.9,-0.38,6.99,-65.91,0.99,-82.41
2024-10-02 17:15:04.511,83c8c23779fed513bf54b2caa651454b,0.07,-0.9,-0.38,4.21,-66.53,0.98,-85.43
2024-10-02 17:15:04.610,83c8c23779fed513bf54b2caa651454b,0.05,-0.88,-0.4,2.84,-65.71,0.97,-86.89
2024-10-02 17:15:04.728,83c8c23779fed513bf54b2caa651454b,0.09,-0.88,-0.38,5.25,-66.09,0.96,-84.29
2024-10-02 17:15:04.812,83c8c23779fed513bf54b2caa651454b,0.06,-0.87,-0.38,3.87,-66.28,0.95,-85.78
2024-10-02 17:15:04.910,83c8c23779fed513bf54b2caa651454b,0.07,-0.88,-0.38,4.3,-65.96,0.96,-85.3
2024-10-02 17:15:05.016,83c8c23779fed513bf54b2caa651454b,0.08,-0.86,-0.4,4.57,-64.98,0.95,-84.97
2024-10-02 17:15:05.110,83c8c23779fed513bf54b2caa651454b,0.07,-0.87,-0.39,4.31,-65.65,0.96,-85.28
2024-10-02 17:15:05.210,83c8c23779fed513bf54b2caa651454b,0.09,-0.87,-0.38,5.28,-65.69,0.96,-84.24
2024-10-02 17:15:05.310,83c8c23779fed513bf54b2caa651454b,0.08,-0.87,-0.38,5.07,-65.85,0.95,-84.47
2024-10-02 17:15:05.410,83c8c23779fed513bf54b2caa651454b,0.07,-0.88,-0.39,4.27,-65.63,0.97,-85.32
2024-10-02 17:15:05.512,83c8c23779fed513bf54b2caa651454b,0.06,-0.9,-0.38,3.76,-66.52,0.98,-85.91
2024-10-02 17:15:05.633,83c8c23779fed513bf54b2caa651454b,0.08,-0.88,-0.37,4.77,-66.71,0.96,-84.83
2024-10-02 17:15:05.711,83c8c23779fed513bf54b2caa651454b,0.08,-0.88,-0.38,4.76,-65.98,0.96,-84.81
2024-10-02 17:15:05.811,83c8c23779fed513bf54b2caa651454b,0.08,-0.88,-0.37,4.79,-66.62,0.96,-84.81
2024-10-02 17:15:05.911,83c8c23779fed513bf54b2caa651454b,0.09,-0.9,-0.38,5.14,-66.36,0.98,-84.42
2024-10-02 17:15:06.016,83c8c23779fed513bf54b2caa651454b,0.06,-0.88,-0.38,3.81,-66.66,0.96,-85.86
2024-10-02 17:15:06.111,83c8c23779fed513bf54b2caa651454b,0.08,-0.88,-0.38,4.8,-66.31,0.96,-84.78
2024-10-02 17:15:06.211,83c8c23779fed513bf54b2caa651454b,0.07,-0.88,-0.39,4.27,-65.63,0.97,-85.32
2024-10-02 17:15:06.311,83c8c23779fed513bf54b2caa651454b,0.07,-0.87,-0.38,4.1,-66.34,0.95,-85.54
2024-10-02 17:15:06.411,83c8c23779fed513bf54b2caa651454b,0.07,-0.88,-0.38,4.3,-65.96,0.96,-85.3
2024-10-02 17:15:06.511,83c8c23779fed513bf54b2caa651454b,0.08,-0.88,-0.37,5.01,-66.66,0.96,-84.57
2024-10-02 17:15:06.611,83c8c23779fed513bf54b2caa651454b,0.08,-0.88,-0.38,4.78,-65.88,0.96,-84.78
2024-10-02 17:15:06.711,83c8c23779fed513bf54b2caa651454b,0.06,-0.87,-0.39,3.85,-65.63,0.95,-85.78
2024-10-02 17:15:06.811,83c8c23779fed513bf54b2caa651454b,0.1,-0.9,-0.38,5.6,-66.77,0.98,-83.94
2024-10-02 17:15:06.911,83c8c23779fed513bf54b2caa651454b,0.08,-0.88,-0.4,4.74,-65.34,0.97,-84.81
2024-10-02 17:15:07.012,83c8c23779fed513bf54b2caa651454b,0.06,-0.87,-0.39,3.36,-65.79,0.96,-86.33
2024-10-02 17:15:07.111,83c8c23779fed513bf54b2caa651454b,0.07,-0.88,-0.36,4.35,-67.48,0.95,-85.3
2024-10-02 17:15:07.211,83c8c23779fed513bf54b2caa651454b,0.04,-0.87,-0.36,2.19,-67.47,0.94,-87.64
2024-10-02 17:15:07.312,83c8c23779fed513bf54b2caa651454b,0.11,-0.89,-0.37,6.61,-66.47,0.97,-82.84
2024-10-02 17:15:07.412,83c8c23779fed513bf54b2caa651454b,0.1,-0.85,-0.43,5.77,-62.65,0.95,-83.54
2024-10-02 17:15:07.519,83c8c23779fed513bf54b2caa651454b,0.07,-0.85,-0.42,4.33,-63.43,0.95,-85.17
2024-10-02 17:15:07.612,83c8c23779fed513bf54b2caa651454b,0.06,-0.84,-0.4,3.44,-64.65,0.93,-86.2
2024-10-02 17:15:07.712,83c8c23779fed513bf54b2caa651454b,0.08,-0.87,-0.37,5.07,-66.59,0.95,-84.5
2024-10-02 17:15:07.812,83c8c23779fed513bf54b2caa651454b,0.06,-0.88,-0.38,3.81,-66.66,0.96,-85.86
2024-10-02 17:15:07.912,83c8c23779fed513bf54b2caa651454b,0.1,-0.88,-0.37,6.01,-66.48,0.96,-83.49
2024-10-02 17:15:08.012,83c8c23779fed513bf54b2caa651454b,0.06,-0.88,-0.37,3.59,-67.13,0.96,-86.12
2024-10-02 17:15:08.112,83c8c23779fed513bf54b2caa651454b,0.08,-0.88,-0.4,4.5,-65.17,0.97,-85.06
2024-10-02 17:15:08.212,83c8c23779fed513bf54b2caa651454b,0.08,-0.87,-0.38,5.05,-65.95,0.95,-84.5
2024-10-02 17:15:08.312,83c8c23779fed513bf54b2caa651454b,0.07,-0.89,-0.36,4.27,-67.41,0.97,-85.39
2024-10-02 17:15:08.412,83c8c23779fed513bf54b2caa651454b,0.06,-0.86,-0.39,3.9,-65.33,0.94,-85.72
2024-10-02 17:15:08.512,83c8c23779fed513bf54b2caa651454b,0.06,-0.86,-0.38,3.63,-65.78,0.95,-86.03
2024-10-02 17:15:08.623,83c8c23779fed513bf54b2caa651454b,0.08,-0.88,-0.38,4.79,-66.09,0.96,-84.78
2024-10-02 17:15:08.713,83c8c23779fed513bf54b2caa651454b,0.08,-0.88,-0.37,4.55,-66.66,0.96,-85.06
2024-10-02 17:15:08.813,83c8c23779fed513bf54b2caa651454b,0.08,-0.87,-0.39,5.03,-65.52,0.96,-84.5
2024-10-02 17:15:08.913,83c8c23779fed513bf54b2caa651454b,0.06,-0.87,-0.38,3.86,-66.38,0.95,-85.8
2024-10-02 17:15:09.016,83c8c23779fed513bf54b2caa651454b,0.08,-0.87,-0.4,4.79,-65.04,0.96,-84.73
2024-10-02 17:15:09.122,83c8c23779fed513bf54b2caa651454b,0.09,-0.87,-0.37,5.3,-66.33,0.95,-84.24
2024-10-02 17:15:09.213,83c8c23779fed513bf54b2caa651454b,0.1,-0.87,-0.38,5.78,-65.49,0.95,-83.69
2024-10-02 17:15:09.313,83c8c23779fed513bf54b2caa651454b,0.1,-0.86,-0.38,6.33,-65.07,0.94,-83.07
2024-10-02 17:15:09.413,83c8c23779fed513bf54b2caa651454b,0.08,-0.88,-0.39,4.99,-65.72,0.97,-84.55
2024-10-02 17:15:09.513,83c8c23779fed513bf54b2caa651454b,0.09,-0.88,-0.38,5.26,-65.79,0.96,-84.26
2024-10-02 17:15:09.621,83c8c23779fed513bf54b2caa651454b,0.08,-0.88,-0.38,5.02,-65.83,0.96,-84.52
2024-10-02 17:15:09.726,83c8c23779fed513bf54b2caa651454b,0.08,-0.86,-0.38,4.62,-65.74,0.94,-84.95
2024-10-02 17:15:09.833,83c8c23779fed513bf54b2caa651454b,0.07,-0.85,-0.39,4.4,-65.15,0.94,-85.17
2024-10-02 17:15:09.913,83c8c23779fed513bf54b2caa651454b,0.08,-0.88,-0.38,5.01,-66.14,0.96,-84.55
2024-10-02 17:15:10.013,83c8c23779fed513bf54b2caa651454b,0.08,-0.88,-0.38,5,-66.45,0.96,-84.57
2024-10-02 17:15:10.125,83c8c23779fed513bf54b2caa651454b,0.07,-0.88,-0.38,4.28,-66.37,0.96,-85.34
2024-10-02 17:15:10.214,83c8c23779fed513bf54b2caa651454b,0.08,-0.88,-0.39,4.99,-65.72,0.97,-84.55
2024-10-02 17:15:10.314,83c8c23779fed513bf54b2caa651454b,0.08,-0.88,-0.38,5,-66.45,0.96,-84.57
2024-10-02 17:15:10.414,83c8c23779fed513bf54b2caa651454b,0.07,-0.87,-0.39,4.33,-65.55,0.95,-85.26
2024-10-02 17:15:10.517,83c8c23779fed513bf54b2caa651454b,0.09,-0.87,-0.39,5.27,-65.47,0.96,-84.24
2024-10-02 17:15:10.641,83c8c23779fed513bf54b2caa651454b,0.09,-0.86,-0.38,5.32,-65.49,0.95,-84.18
2024-10-02 17:15:10.714,83c8c23779fed513bf54b2caa651454b,0.09,-0.86,-0.38,5.58,-65.34,0.95,-83.89
2024-10-02 17:15:10.814,83c8c23779fed513bf54b2caa651454b,0.06,-0.86,-0.4,3.39,-64.52,0.95,-86.26
2024-10-02 17:15:10.914,83c8c23779fed513bf54b2caa651454b,0.09,-0.87,-0.36,5.56,-66.71,0.95,-83.98
2024-10-02 17:15:11.014,83c8c23779fed513bf54b2caa651454b,0.09,-0.85,-0.39,5.36,-64.75,0.94,-84.1
2024-10-02 17:15:11.122,83c8c23779fed513bf54b2caa651454b,0.12,-0.89,-0.36,7.39,-67,0.96,-82.05
2024-10-02 17:15:11.214,83c8c23779fed513bf54b2caa651454b,0.1,-0.88,-0.38,5.74,-65.9,0.96,-83.75
2024-10-02 17:15:11.315,83c8c23779fed513bf54b2caa651454b,0.09,-0.88,-0.39,5.49,-65.52,0.96,-84
2024-10-02 17:15:11.415,83c8c23779fed513bf54b2caa651454b,0.11,-0.87,-0.38,6.49,-65.84,0.96,-82.94
2024-10-02 17:15:11.515,83c8c23779fed513bf54b2caa651454b,0.08,-0.85,-0.38,5.15,-65.67,0.94,-84.37
2024-10-02 17:15:11.624,83c8c23779fed513bf54b2caa651454b,0.08,-0.88,-0.39,4.76,-65.76,0.97,-84.81
2024-10-02 17:15:11.715,83c8c23779fed513bf54b2caa651454b,0.11,-0.87,-0.4,6.66,-64.53,0.97,-82.68
2024-10-02 17:15:11.815,83c8c23779fed513bf54b2caa651454b,0.08,-0.88,-0.39,5.01,-65.62,0.96,-84.52
2024-10-02 17:15:11.915,83c8c23779fed513bf54b2caa651454b,0.08,-0.88,-0.38,5.03,-66.05,0.96,-84.52
2024-10-02 17:15:12.015,83c8c23779fed513bf54b2caa651454b,0.07,-0.9,-0.39,4.19,-66.11,0.98,-85.43
2024-10-02 17:15:12.122,83c8c23779fed513bf54b2caa651454b,0.08,-0.9,-0.4,4.41,-65.66,0.99,-85.17
2024-10-02 17:15:12.215,83c8c23779fed513bf54b2caa651454b,0.08,-0.88,-0.4,4.99,-65.2,0.97,-84.52
2024-10-02 17:15:12.315,83c8c23779fed513bf54b2caa651454b,0.08,-0.88,-0.39,4.54,-65.71,0.96,-85.04
2024-10-02 17:15:12.415,83c8c23779fed513bf54b2caa651454b,0.08,-0.88,-0.38,4.75,-66.28,0.97,-84.83
2024-10-02 17:15:12.515,83c8c23779fed513bf54b2caa651454b,0.08,-0.89,-0.39,4.47,-66.09,0.98,-85.13
2024-10-02 17:15:12.622,83c8c23779fed513bf54b2caa651454b,0.08,-0.88,-0.39,4.53,-65.5,0.96,-85.04
2024-10-02 17:15:12.716,83c8c23779fed513bf54b2caa651454b,0.08,-0.88,-0.38,4.78,-65.88,0.96,-84.78
2024-10-02 17:15:12.816,83c8c23779fed513bf54b2caa651454b,0.06,-0.88,-0.38,3.81,-66.45,0.96,-85.86
2024-10-02 17:15:12.916,83c8c23779fed513bf54b2caa651454b,0.07,-0.89,-0.39,4.01,-66.08,0.97,-85.62
2024-10-02 17:15:13.016,83c8c23779fed513bf54b2caa651454b,0.08,-0.88,-0.38,4.76,-65.98,0.96,-84.81
2024-10-02 17:15:13.122,83c8c23779fed513bf54b2caa651454b,0.08,-0.88,-0.4,4.5,-65.38,0.97,-85.06
2024-10-02 17:15:13.216,83c8c23779fed513bf54b2caa651454b,0.08,-0.87,-0.38,5.06,-65.64,0.95,-84.47
2024-10-02 17:15:13.316,83c8c23779fed513bf54b2caa651454b,0.08,-0.9,-0.38,4.69,-66.36,0.98,-84.9
2024-10-02 17:15:13.416,83c8c23779fed513bf54b2caa651454b,0.06,-0.87,-0.38,3.37,-66.23,0.95,-86.33
2024-10-02 17:15:13.516,83c8c23779fed513bf54b2caa651454b,0.1,-0.88,-0.39,5.72,-65.47,0.96,-83.75
2024-10-02 17:15:13.623,83c8c23779fed513bf54b2caa651454b,0.08,-0.87,-0.38,5.05,-65.95,0.95,-84.5
2024-10-02 17:15:13.716,83c8c23779fed513bf54b2caa651454b,0.08,-0.87,-0.38,4.81,-66,0.95,-84.76
2024-10-02 17:15:13.816,83c8c23779fed513bf54b2caa651454b,0.08,-0.88,-0.38,5.02,-65.83,0.96,-84.52
2024-10-02 17:15:13.916,83c8c23779fed513bf54b2caa651454b,0.08,-0.87,-0.38,4.81,-66,0.95,-84.76
2024-10-02 17:15:14.016,83c8c23779fed513bf54b2caa651454b,0.09,-0.87,-0.39,5.28,-65.16,0.96,-84.21
2024-10-02 17:15:14.124,83c8c23779fed513bf54b2caa651454b,0.08,-0.87,-0.39,5.05,-65.42,0.95,-84.47
2024-10-02 17:15:14.217,83c8c23779fed513bf54b2caa651454b,0.08,-0.89,-0.4,4.47,-65.58,0.98,-85.11
2024-10-02 17:15:14.317,83c8c23779fed513bf54b2caa651454b,0.08,-0.86,-0.38,5.09,-65.97,0.95,-84.45
2024-10-02 17:15:14.417,83c8c23779fed513bf54b2caa651454b,0.08,-0.88,-0.38,4.53,-66.02,0.96,-85.06
2024-10-02 17:15:14.517,83c8c23779fed513bf54b2caa651454b,0.08,-0.87,-0.4,5.01,-65.1,0.96,-84.5
2024-10-02 17:15:14.624,83c8c23779fed513bf54b2caa651454b,0.1,-0.88,-0.39,5.67,-65.46,0.97,-83.8
2024-10-02 17:15:14.727,83c8c23779fed513bf54b2caa651454b,0.08,-0.85,-0.4,5.1,-64.37,0.94,-84.37
2024-10-02 17:15:14.818,83c8c23779fed513bf54b2caa651454b,0.08,-0.89,-0.4,4.7,-65.54,0.98,-84.85
2024-10-02 17:15:14.917,83c8c23779fed513bf54b2caa651454b,0.08,-0.88,-0.39,4.51,-65.59,0.97,-85.06
2024-10-02 17:15:15.017,83c8c23779fed513bf54b2caa651454b,0.07,-0.87,-0.38,4.09,-66.12,0.95,-85.54
2024-10-02 17:15:15.125,83c8c23779fed513bf54b2caa651454b,0.08,-0.86,-0.39,4.61,-65.31,0.95,-84.95
2024-10-02 17:15:15.218,83c8c23779fed513bf54b2caa651454b,0.08,-0.88,-0.4,4.47,-65.06,0.97,-85.09
2024-10-02 17:15:15.318,83c8c23779fed513bf54b2caa651454b,0.08,-0.89,-0.39,4.7,-66.05,0.98,-84.88
2024-10-02 17:15:15.418,83c8c23779fed513bf54b2caa651454b,0.08,-0.87,-0.39,4.55,-65.4,0.96,-85.02
2024-10-02 17:15:15.518,83c8c23779fed513bf54b2caa651454b,0.08,-0.88,-0.4,4.95,-65.19,0.97,-84.57
2024-10-02 17:15:15.647,83c8c23779fed513bf54b2caa651454b,0.08,-0.88,-0.39,4.77,-65.45,0.96,-84.78
2024-10-02 17:15:15.718,83c8c23779fed513bf54b2caa651454b,0.1,-0.88,-0.4,5.68,-65.15,0.97,-83.77
2024-10-02 17:15:15.818,83c8c23779fed513bf54b2caa651454b,0.08,-0.88,-0.38,4.78,-66.4,0.96,-84.81
2024-10-02 17:15:15.918,83c8c23779fed513bf54b2caa651454b,0.1,-0.87,-0.36,5.82,-66.55,0.95,-83.69
2024-10-02 17:15:16.018,83c8c23779fed513bf54b2caa651454b,0.1,-0.87,-0.39,5.74,-65.37,0.96,-83.72
2024-10-02 17:15:16.122,83c8c23779fed513bf54b2caa651454b,0.1,-0.86,-0.4,6.22,-64.23,0.96,-83.14
2024-10-02 17:15:16.219,83c8c23779fed513bf54b2caa651454b,0.07,-0.88,-0.38,4.27,-66.16,0.97,-85.34
2024-10-02 17:15:16.319,83c8c23779fed513bf54b2caa651454b,0.09,-0.86,-0.39,5.54,-65.01,0.95,-83.92
2024-10-02 17:15:16.419,83c8c23779fed513bf54b2caa651454b,0.09,-0.88,-0.38,5.48,-66.04,0.96,-84.03
2024-10-02 17:15:16.519,83c8c23779fed513bf54b2caa651454b,0.09,-0.87,-0.39,5.5,-65.21,0.96,-83.98
2024-10-02 17:15:16.621,83c8c23779fed513bf54b2caa651454b,0.09,-0.89,-0.38,5.19,-66.38,0.97,-84.37
2024-10-02 17:15:16.719,83c8c23779fed513bf54b2caa651454b,0.09,-0.86,-0.39,5.56,-64.91,0.95,-83.89
2024-10-02 17:15:16.819,83c8c23779fed513bf54b2caa651454b,0.08,-0.86,-0.39,4.6,-65.09,0.95,-84.95
2024-10-02 17:15:16.919,83c8c23779fed513bf54b2caa651454b,0.08,-0.88,-0.39,4.76,-65.76,0.97,-84.81
2024-10-02 17:15:17.019,83c8c23779fed513bf54b2caa651454b,0.09,-0.88,-0.38,5.25,-66.09,0.96,-84.29
2024-10-02 17:15:17.122,83c8c23779fed513bf54b2caa651454b,0.07,-0.88,-0.38,4.07,-66,0.96,-85.56
2024-10-02 17:15:17.219,83c8c23779fed513bf54b2caa651454b,0.08,-0.86,-0.36,4.64,-66.93,0.94,-84.97
2024-10-02 17:15:17.319,83c8c23779fed513bf54b2caa651454b,0.08,-0.88,-0.39,4.49,-65.69,0.97,-85.09
2024-10-02 17:15:17.419,83c8c23779fed513bf54b2caa651454b,0.08,-0.88,-0.39,5.01,-65.62,0.96,-84.52
2024-10-02 17:15:17.519,83c8c23779fed513bf54b2caa651454b,0.08,-0.88,-0.39,4.98,-65.51,0.97,-84.55
2024-10-02 17:15:17.622,83c8c23779fed513bf54b2caa651454b,0.08,-0.86,-0.39,4.83,-65.37,0.95,-84.71
2024-10-02 17:15:17.720,83c8c23779fed513bf54b2caa651454b,0.08,-0.88,-0.38,4.75,-66.28,0.97,-84.83
2024-10-02 17:15:17.820,83c8c23779fed513bf54b2caa651454b,0.06,-0.87,-0.38,3.84,-65.94,0.95,-85.8
2024-10-02 17:15:17.920,83c8c23779fed513bf54b2caa651454b,0.09,-0.87,-0.38,5.54,-65.54,0.95,-83.95
2024-10-02 17:15:18.020,83c8c23779fed513bf54b2caa651454b,0.07,-0.87,-0.38,4.32,-65.87,0.96,-85.28
2024-10-02 17:15:18.122,83c8c23779fed513bf54b2caa651454b,0.07,-0.86,-0.4,4.32,-64.59,0.96,-85.24
2024-10-02 17:15:18.220,83c8c23779fed513bf54b2caa651454b,0.08,-0.86,-0.39,5.06,-65.11,0.95,-84.45
2024-10-02 17:15:18.320,83c8c23779fed513bf54b2caa651454b,0.07,-0.86,-0.41,4.31,-64.38,0.96,-85.24
2024-10-02 17:15:18.420,83c8c23779fed513bf54b2caa651454b,0.04,-0.9,-0.38,2.35,-66.9,0.97,-87.44
2024-10-02 17:15:18.520,83c8c23779fed513bf54b2caa651454b,0.06,-0.9,-0.38,3.53,-66.76,0.98,-86.17
2024-10-02 17:15:18.621,83c8c23779fed513bf54b2caa651454b,0.11,-0.88,-0.38,6.45,-65.73,0.96,-82.97
2024-10-02 17:15:18.720,83c8c23779fed513bf54b2caa651454b,0.06,-0.88,-0.39,3.56,-65.74,0.97,-86.1
2024-10-02 17:15:18.820,83c8c23779fed513bf54b2caa651454b,0.07,-0.88,-0.4,4.04,-65.15,0.97,-85.56
2024-10-02 17:15:18.921,83c8c23779fed513bf54b2caa651454b,0.1,-0.86,-0.39,6.31,-64.86,0.95,-83.07
2024-10-02 17:15:19.020,83c8c23779fed513bf54b2caa651454b,0.09,-0.85,-0.39,5.6,-64.7,0.94,-83.84
2024-10-02 17:15:19.122,83c8c23779fed513bf54b2caa651454b,0.06,-0.87,-0.42,3.32,-64.3,0.97,-86.33
2024-10-02 17:15:19.221,83c8c23779fed513bf54b2caa651454b,0.08,-0.87,-0.39,4.8,-65.25,0.96,-84.73
2024-10-02 17:15:19.321,83c8c23779fed513bf54b2caa651454b,0.06,-0.86,-0.4,3.88,-64.89,0.95,-85.72
2024-10-02 17:15:19.421,83c8c23779fed513bf54b2caa651454b,0.08,-0.88,-0.4,4.5,-65.17,0.97,-85.06
2024-10-02 17:15:19.521,83c8c23779fed513bf54b2caa651454b,0.06,-0.87,-0.39,3.59,-65.55,0.96,-86.06
2024-10-02 17:15:19.621,83c8c23779fed513bf54b2caa651454b,0.08,-0.88,-0.39,4.77,-65.45,0.96,-84.78
2024-10-02 17:15:19.726,83c8c23779fed513bf54b2caa651454b,0.08,-0.86,-0.39,5.06,-65.11,0.95,-84.45
2024-10-02 17:15:19.822,83c8c23779fed513bf54b2caa651454b,0.08,-0.88,-0.39,4.97,-65.82,0.97,-84.57
2024-10-02 17:15:19.921,83c8c23779fed513bf54b2caa651454b,0.09,-0.88,-0.38,5.24,-65.88,0.96,-84.29
2024-10-02 17:15:20.021,83c8c23779fed513bf54b2caa651454b,0.08,-0.87,-0.38,5.06,-65.64,0.95,-84.47
2024-10-02 17:15:20.121,83c8c23779fed513bf54b2caa651454b,0.07,-0.87,-0.4,4.06,-65.26,0.96,-85.54
2024-10-02 17:15:20.222,83c8c23779fed513bf54b2caa651454b,0.08,-0.88,-0.4,4.76,-65.24,0.96,-84.78
2024-10-02 17:15:20.322,83c8c23779fed513bf54b2caa651454b,0,-0.88,-0.39,-0.24,-66.08,0.97,-90.26
2024-10-02 17:15:20.422,83c8c23779fed513bf54b2caa651454b,0.08,-0.85,-0.38,5.17,-65.35,0.93,-84.34
2024-10-02 17:15:20.522,83c8c23779fed513bf54b2caa651454b,0.15,-0.88,-0.38,8.78,-65.14,0.97,-80.45
2024-10-02 17:15:20.641,83c8c23779fed513bf54b2caa651454b,0.09,-0.88,-0.39,5.44,-65.72,0.97,-84.06
2024-10-02 17:15:20.722,83c8c23779fed513bf54b2caa651454b,0.08,-0.89,-0.38,4.73,-66.17,0.97,-84.85
2024-10-02 17:15:20.822,83c8c23779fed513bf54b2caa651454b,0.08,-0.89,-0.38,4.72,-66.47,0.97,-84.88
2024-10-02 17:15:20.922,83c8c23779fed513bf54b2caa651454b,0.06,-0.86,-0.38,3.63,-65.78,0.95,-86.03
2024-10-02 17:15:21.022,83c8c23779fed513bf54b2caa651454b,0.07,-0.88,-0.39,4.03,-65.98,0.97,-85.6
2024-10-02 17:15:21.123,83c8c23779fed513bf54b2caa651454b,0.08,-0.87,-0.38,4.82,-65.68,0.95,-84.73
2024-10-02 17:15:21.222,83c8c23779fed513bf54b2caa651454b,0.09,-0.89,-0.38,5.19,-66.38,0.97,-84.37
2024-10-02 17:15:21.322,83c8c23779fed513bf54b2caa651454b,0.1,-0.89,-0.36,6.2,-67.33,0.96,-83.32
2024-10-02 17:15:21.422,83c8c23779fed513bf54b2caa651454b,0.08,-0.86,-0.43,4.78,-63.04,0.96,-84.66
2024-10-02 17:15:21.523,83c8c23779fed513bf54b2caa651454b,0.09,-0.91,-0.4,5.06,-65.52,1,-84.46
2024-10-02 17:15:21.623,83c8c23779fed513bf54b2caa651454b,0.03,-0.88,-0.38,1.67,-66.9,0.96,-88.19
2024-10-02 17:15:21.723,83c8c23779fed513bf54b2caa651454b,0.05,-0.92,-0.36,2.79,-68.16,0.99,-87
2024-10-02 17:15:21.823,83c8c23779fed513bf54b2caa651454b,0.05,-0.85,-0.38,2.95,-65.47,0.93,-86.76
2024-10-02 17:15:21.923,83c8c23779fed513bf54b2caa651454b,0.08,-0.9,-0.38,4.92,-66.83,0.98,-84.67
2024-10-02 17:15:22.023,83c8c23779fed513bf54b2caa651454b,0.07,-0.87,-0.4,4.06,-64.73,0.96,-85.52
2024-10-02 17:15:22.123,83c8c23779fed513bf54b2caa651454b,0.09,-0.88,-0.38,5.27,-66,0.96,-84.26
2024-10-02 17:15:22.223,83c8c23779fed513bf54b2caa651454b,0.06,-0.89,-0.38,3.79,-66.54,0.97,-85.88
2024-10-02 17:15:22.323,83c8c23779fed513bf54b2caa651454b,0.07,-0.89,-0.39,4,-66.17,0.98,-85.64
2024-10-02 17:15:22.423,83c8c23779fed513bf54b2caa651454b,0.06,-0.89,-0.39,3.54,-65.94,0.97,-86.13
2024-10-02 17:15:22.623,83c8c23779fed513bf54b2caa651454b,0.08,-0.88,-0.39,4.99,-65.72,0.97,-84.55
2024-10-02 17:15:22.723,83c8c23779fed513bf54b2caa651454b,0.08,-0.88,-0.39,4.51,-65.59,0.97,-85.06
2024-10-02 17:15:22.824,83c8c23779fed513bf54b2caa651454b,0.07,-0.88,-0.39,4.06,-65.79,0.96,-85.56
2024-10-02 17:15:22.924,83c8c23779fed513bf54b2caa651454b,0.07,-0.87,-0.4,4.06,-64.73,0.96,-85.52
2024-10-02 17:15:23.024,83c8c23779fed513bf54b2caa651454b,0.06,-0.87,-0.39,3.36,-65.79,0.96,-86.33
2024-10-02 17:15:23.124,83c8c23779fed513bf54b2caa651454b,0.07,-0.88,-0.37,4.31,-66.7,0.96,-85.32
2024-10-02 17:15:23.229,83c8c23779fed513bf54b2caa651454b,0.07,-0.88,-0.39,4.06,-65.79,0.96,-85.56
2024-10-02 17:15:23.324,83c8c23779fed513bf54b2caa651454b,0.06,-0.89,-0.39,3.76,-66.21,0.97,-85.9
2024-10-02 17:15:23.424,83c8c23779fed513bf54b2caa651454b,0.06,-0.87,-0.38,3.38,-65.91,0.95,-86.31
2024-10-02 17:15:23.524,83c8c23779fed513bf54b2caa651454b,0.07,-0.88,-0.38,4.29,-66.06,0.96,-85.32
2024-10-02 17:15:23.624,83c8c23779fed513bf54b2caa651454b,0.07,-0.87,-0.39,4.08,-65.38,0.95,-85.52
2024-10-02 17:15:23.724,83c8c23779fed513bf54b2caa651454b,0.06,-0.87,-0.4,3.6,-65.23,0.96,-86.05
2024-10-02 17:15:23.824,83c8c23779fed513bf54b2caa651454b,0.08,-0.88,-0.39,4.52,-65.81,0.96,-85.06
2024-10-02 17:15:23.924,83c8c23779fed513bf54b2caa651454b,0.08,-0.87,-0.38,4.58,-65.73,0.95,-85
2024-10-02 17:15:24.024,83c8c23779fed513bf54b2caa651454b,0.06,-0.88,-0.38,3.83,-66.26,0.96,-85.82
2024-10-02 17:15:24.124,83c8c23779fed513bf54b2caa651454b,0.07,-0.88,-0.39,4.27,-65.63,0.97,-85.32
2024-10-02 17:15:24.225,83c8c23779fed513bf54b2caa651454b,0.05,-0.86,-0.4,2.91,-64.8,0.95,-86.79
2024-10-02 17:15:24.325,83c8c23779fed513bf54b2caa651454b,0.08,-0.85,-0.39,4.63,-64.89,0.94,-84.9
2024-10-02 17:15:24.425,83c8c23779fed513bf54b2caa651454b,0.06,-0.89,-0.39,3.3,-65.97,0.97,-86.39
2024-10-02 17:15:24.525,83c8c23779fed513bf54b2caa651454b,0.1,-0.9,-0.38,5.63,-66.37,0.98,-83.88
2024-10-02 17:15:24.625,83c8c23779fed513bf54b2caa651454b,0.1,-0.89,-0.35,6.19,-67.63,0.96,-83.35
2024-10-02 17:15:24.727,83c8c23779fed513bf54b2caa651454b,0.06,-0.87,-0.39,3.61,-65.66,0.95,-86.05
2024-10-02 17:15:24.863,83c8c23779fed513bf54b2caa651454b,0.1,-0.88,-0.41,5.86,-64.58,0.98,-83.55
2024-10-02 17:15:24.928,83c8c23779fed513bf54b2caa651454b,0.09,-0.88,-0.38,5.24,-65.88,0.96,-84.29
2024-10-02 17:15:25.026,83c8c23779fed513bf54b2caa651454b,0.06,-0.87,-0.38,3.38,-66.13,0.95,-86.31
2024-10-02 17:15:25.125,83c8c23779fed513bf54b2caa651454b,0.08,-0.86,-0.4,5.09,-64.69,0.95,-84.4
2024-10-02 17:15:25.225,83c8c23779fed513bf54b2caa651454b,0.08,-0.86,-0.39,4.61,-65.31,0.95,-84.95
2024-10-02 17:15:25.325,83c8c23779fed513bf54b2caa651454b,0.06,-0.86,-0.4,3.87,-64.99,0.95,-85.74
2024-10-02 17:15:25.426,83c8c23779fed513bf54b2caa651454b,0.08,-0.88,-0.4,4.74,-65.34,0.97,-84.81
2024-10-02 17:15:25.527,83c8c23779fed513bf54b2caa651454b,0.07,-0.89,-0.38,4.24,-66.35,0.97,-85.39
2024-10-02 17:15:25.644,83c8c23779fed513bf54b2caa651454b,0.06,-0.87,-0.38,3.38,-66.13,0.95,-86.31
2024-10-02 17:15:25.726,83c8c23779fed513bf54b2caa651454b,0.07,-0.88,-0.38,4.07,-66.22,0.96,-85.56
2024-10-02 17:15:25.827,83c8c23779fed513bf54b2caa651454b,0.06,-0.88,-0.4,3.78,-65.59,0.97,-85.86
2024-10-02 17:15:25.926,83c8c23779fed513bf54b2caa651454b,0.08,-0.88,-0.39,4.5,-65.9,0.97,-85.09
2024-10-02 17:15:26.026,83c8c23779fed513bf54b2caa651454b,0.06,-0.86,-0.39,3.87,-65.53,0.95,-85.76
2024-10-02 17:15:26.126,83c8c23779fed513bf54b2caa651454b,0.08,-0.87,-0.38,4.8,-65.78,0.96,-84.76
2024-10-02 17:15:26.226,83c8c23779fed513bf54b2caa651454b,0.06,-0.87,-0.39,3.37,-65.48,0.95,-86.31
2024-10-02 17:15:26.326,83c8c23779fed513bf54b2caa651454b,0.07,-0.87,-0.38,4.33,-66.08,0.95,-85.28
2024-10-02 17:15:26.426,83c8c23779fed513bf54b2caa651454b,0.06,-0.87,-0.41,3.8,-64.66,0.96,-85.8
2024-10-02 17:15:26.527,83c8c23779fed513bf54b2caa651454b,0.07,-0.86,-0.38,4.37,-66.1,0.95,-85.24
2024-10-02 17:15:26.626,83c8c23779fed513bf54b2caa651454b,0.07,-0.86,-0.38,4.15,-65.73,0.94,-85.46
2024-10-02 17:15:26.726,83c8c23779fed513bf54b2caa651454b,0.06,-0.87,-0.39,3.6,-65.76,0.96,-86.06
2024-10-02 17:15:26.827,83c8c23779fed513bf54b2caa651454b,0.06,-0.86,-0.4,3.87,-64.46,0.95,-85.72
2024-10-02 17:15:26.927,83c8c23779fed513bf54b2caa651454b,0.07,-0.87,-0.4,4.31,-64.91,0.96,-85.26
2024-10-02 17:15:27.027,83c8c23779fed513bf54b2caa651454b,0.06,-0.86,-0.39,3.87,-65.53,0.95,-85.76
2024-10-02 17:15:27.127,83c8c23779fed513bf54b2caa651454b,0.06,-0.87,-0.38,3.85,-66.16,0.95,-85.8
2024-10-02 17:15:27.227,83c8c23779fed513bf54b2caa651454b,0.07,-0.87,-0.4,4.07,-64.95,0.96,-85.52
2024-10-02 17:15:27.327,83c8c23779fed513bf54b2caa651454b,0.08,-0.87,-0.4,4.55,-65.08,0.96,-85
2024-10-02 17:15:27.427,83c8c23779fed513bf54b2caa651454b,0.06,-0.86,-0.39,3.87,-65.53,0.95,-85.76
2024-10-02 17:15:27.527,83c8c23779fed513bf54b2caa651454b,0.07,-0.86,-0.4,4.11,-64.96,0.95,-85.48
2024-10-02 17:15:27.627,83c8c23779fed513bf54b2caa651454b,0.09,-0.88,-0.36,5.3,-66.85,0.95,-84.26
2024-10-02 17:15:27.827,83c8c23779fed513bf54b2caa651454b,0.06,-0.89,-0.34,3.61,-68.53,0.95,-86.13
2024-10-02 17:15:27.927,83c8c23779fed513bf54b2caa651454b,0.09,-0.86,-0.42,5.49,-63.44,0.96,-83.89
2024-10-02 17:15:28.028,83c8c23779fed513bf54b2caa651454b,0.07,-0.84,-0.42,4.38,-63.42,0.94,-85.12
2024-10-02 17:15:28.127,83c8c23779fed513bf54b2caa651454b,0.07,-0.86,-0.42,4.07,-63.89,0.96,-85.48
2024-10-02 17:15:28.228,83c8c23779fed513bf54b2caa651454b,0.02,-0.84,-0.43,0.97,-62.88,0.95,-88.91
2024-10-02 17:15:28.328,83c8c23779fed513bf54b2caa651454b,0.04,-0.86,-0.45,2.12,-62.2,0.97,-87.6
2024-10-02 17:15:28.428,83c8c23779fed513bf54b2caa651454b,0.01,-0.85,-0.46,0.47,-61.63,0.97,-89.46
2024-10-02 17:15:28.528,83c8c23779fed513bf54b2caa651454b,0.05,-0.84,-0.43,3.16,-62.5,0.94,-86.44
2024-10-02 17:15:28.628,83c8c23779fed513bf54b2caa651454b,0.04,-0.86,-0.41,2.65,-64.17,0.95,-87.06
2024-10-02 17:15:28.728,83c8c23779fed513bf54b2caa651454b,0.02,-0.86,-0.45,1.42,-62.13,0.97,-88.39
2024-10-02 17:15:28.828,83c8c23779fed513bf54b2caa651454b,-0.02,-0.85,-0.45,-1.43,-62.02,0.96,-91.61
2024-10-02 17:15:28.928,83c8c23779fed513bf54b2caa651454b,0.01,-0.86,-0.44,0.47,-62.9,0.97,-89.47
2024-10-02 17:15:29.029,83c8c23779fed513bf54b2caa651454b,0.01,-0.86,-0.44,0.71,-62.79,0.96,-89.2
2024-10-02 17:15:29.128,83c8c23779fed513bf54b2caa651454b,0.02,-0.87,-0.43,0.95,-63.52,0.97,-88.94
2024-10-02 17:15:29.228,83c8c23779fed513bf54b2caa651454b,0.02,-0.84,-0.45,0.96,-61.7,0.95,-88.91
2024-10-02 17:15:29.328,83c8c23779fed513bf54b2caa651454b,0,-0.84,-0.45,0,-61.93,0.95,-90
2024-10-02 17:15:29.429,83c8c23779fed513bf54b2caa651454b,0.02,-0.86,-0.42,0.96,-63.63,0.96,-88.93
2024-10-02 17:15:29.529,83c8c23779fed513bf54b2caa651454b,0.02,-0.85,-0.44,1.2,-62.34,0.96,-88.65
2024-10-02 17:15:29.629,83c8c23779fed513bf54b2caa651454b,0.02,-0.86,-0.46,0.95,-61.94,0.97,-88.93
2024-10-02 17:15:29.755,83c8c23779fed513bf54b2caa651454b,0.03,-0.83,-0.45,1.7,-61.32,0.94,-88.06
2024-10-02 17:15:29.837,83c8c23779fed513bf54b2caa651454b,0.02,-0.87,-0.42,1.18,-64.26,0.97,-88.69
