timestamp,device_id,x,y,z,pitch,roll,acceleration,inclination
2024-10-05 15:17:58.529,83c8c23779fed513bf54b2caa651454b,-0.05,-0.75,-0.58,-2.9,-52.12,0.95,-93.67
2024-10-05 15:17:58.730,83c8c23779fed513bf54b2caa651454b,-0.02,-0.82,-0.47,-0.97,-60.15,0.94,-91.12
2024-10-05 15:17:58.860,83c8c23779fed513bf54b2caa651454b,0.13,-0.9,-0.44,7.29,-62.72,1.01,-81.87
2024-10-05 15:17:58.930,83c8c23779fed513bf54b2caa651454b,0.15,-0.8,-0.44,9.19,-59.67,0.93,-79.52
2024-10-05 15:17:59.030,83c8c23779fed513bf54b2caa651454b,0.18,-0.82,-0.47,10.54,-58.44,0.96,-77.89
2024-10-05 15:17:59.131,83c8c23779fed513bf54b2caa651454b,0.14,-0.81,-0.5,8.57,-57.16,0.97,-79.94
2024-10-05 15:17:59.230,83c8c23779fed513bf54b2caa651454b,0.03,-0.88,-0.45,1.62,-63.08,0.99,-88.19
2024-10-05 15:17:59.357,83c8c23779fed513bf54b2caa651454b,-0.03,-0.85,-0.42,-1.69,-63.71,0.95,-91.88
2024-10-05 15:17:59.431,83c8c23779fed513bf54b2caa651454b,-0.02,-0.88,-0.47,-1.15,-62.08,1,-91.3
2024-10-05 15:17:59.530,83c8c23779fed513bf54b2caa651454b,0,-0.81,-0.49,0.24,-58.87,0.94,-89.72
2024-10-05 15:17:59.630,83c8c23779fed513bf54b2caa651454b,-0.01,-0.83,-0.47,-0.72,-60.43,0.96,-90.83
2024-10-05 15:17:59.731,83c8c23779fed513bf54b2caa651454b,0.01,-0.83,-0.48,0.72,-60.22,0.96,-89.17
2024-10-05 15:17:59.857,83c8c23779fed513bf54b2caa651454b,0.04,-0.86,-0.48,2.33,-60.95,0.98,-87.34
2024-10-05 15:17:59.931,83c8c23779fed513bf54b2caa651454b,0.03,-0.84,-0.48,1.65,-60.33,0.97,-88.1
2024-10-05 15:18:00.030,83c8c23779fed513bf54b2caa651454b,0.04,-0.83,-0.48,2.63,-59.59,0.96,-86.96
2024-10-05 15:18:00.131,83c8c23779fed513bf54b2caa651454b,0.02,-0.82,-0.48,1.44,-59.95,0.95,-88.33
2024-10-05 15:18:00.231,83c8c23779fed513bf54b2caa651454b,0.01,-0.83,-0.47,0.48,-60.31,0.95,-89.45
2024-10-05 15:18:00.348,83c8c23779fed513bf54b2caa651454b,0.01,-0.83,-0.48,0.48,-60.1,0.96,-89.45
2024-10-05 15:18:00.432,83c8c23779fed513bf54b2caa651454b,0,-0.84,-0.48,-0.24,-60.25,0.97,-90.27
2024-10-05 15:18:00.531,83c8c23779fed513bf54b2caa651454b,0,-0.83,-0.48,0.24,-60.02,0.96,-89.72
2024-10-05 15:18:00.631,83c8c23779fed513bf54b2caa651454b,0.01,-0.84,-0.49,0.47,-59.72,0.97,-89.45
2024-10-05 15:18:00.731,83c8c23779fed513bf54b2caa651454b,0,-0.84,-0.48,0,-60.14,0.96,-90
2024-10-05 15:18:00.863,83c8c23779fed513bf54b2caa651454b,0.02,-0.82,-0.48,1.2,-59.76,0.95,-88.61
2024-10-05 15:18:00.932,83c8c23779fed513bf54b2caa651454b,0.02,-0.85,-0.48,0.94,-60.68,0.97,-88.92
2024-10-05 15:18:01.031,83c8c23779fed513bf54b2caa651454b,0.01,-0.84,-0.48,0.47,-60.46,0.97,-89.45
2024-10-05 15:18:01.163,83c8c23779fed513bf54b2caa651454b,0,-0.83,-0.48,0,-59.69,0.96,-90
2024-10-05 15:18:01.251,83c8c23779fed513bf54b2caa651454b,0.02,-0.82,-0.48,1.21,-59.3,0.95,-88.6
2024-10-05 15:18:01.363,83c8c23779fed513bf54b2caa651454b,0.01,-0.82,-0.48,0.73,-59.86,0.95,-89.16
2024-10-05 15:18:01.432,83c8c23779fed513bf54b2caa651454b,0.01,-0.83,-0.48,0.72,-60.1,0.96,-89.17
2024-10-05 15:18:01.532,83c8c23779fed513bf54b2caa651454b,0.02,-0.84,-0.49,0.95,-59.71,0.97,-88.9
2024-10-05 15:18:01.632,83c8c23779fed513bf54b2caa651454b,0.02,-0.82,-0.5,0.96,-58.69,0.96,-88.88
2024-10-05 15:18:01.733,83c8c23779fed513bf54b2caa651454b,0.02,-0.84,-0.48,1.19,-59.91,0.97,-88.63
2024-10-05 15:18:01.867,83c8c23779fed513bf54b2caa651454b,0.01,-0.82,-0.5,0.72,-58.82,0.96,-89.16
2024-10-05 15:18:01.933,83c8c23779fed513bf54b2caa651454b,0,-0.82,-0.47,0,-60.41,0.95,-90
2024-10-05 15:18:02.033,83c8c23779fed513bf54b2caa651454b,0.01,-0.84,-0.48,0.48,-60.13,0.96,-89.45
2024-10-05 15:18:02.162,83c8c23779fed513bf54b2caa651454b,0.01,-0.83,-0.48,0.71,-59.8,0.96,-89.17
2024-10-05 15:18:02.233,83c8c23779fed513bf54b2caa651454b,0,-0.83,-0.48,0.24,-60.22,0.96,-89.72
2024-10-05 15:18:02.348,83c8c23779fed513bf54b2caa651454b,0.02,-0.83,-0.48,0.95,-60,0.96,-88.9
2024-10-05 15:18:02.433,83c8c23779fed513bf54b2caa651454b,0.02,-0.84,-0.48,0.95,-60.56,0.97,-88.91
2024-10-05 15:18:02.533,83c8c23779fed513bf54b2caa651454b,0.02,-0.83,-0.49,1.43,-59.25,0.96,-88.34
2024-10-05 15:18:02.634,83c8c23779fed513bf54b2caa651454b,0.02,-0.82,-0.49,0.96,-59.11,0.95,-88.88
2024-10-05 15:18:02.733,83c8c23779fed513bf54b2caa651454b,-0.02,-0.84,-0.44,-0.96,-62.66,0.95,-91.09
2024-10-05 15:18:02.861,83c8c23779fed513bf54b2caa651454b,-0.02,-0.87,-0.45,-1.4,-62.57,0.98,-91.58
2024-10-05 15:18:02.933,83c8c23779fed513bf54b2caa651454b,0.08,-0.75,-0.54,4.68,-53.85,0.93,-84.23
2024-10-05 15:18:03.033,83c8c23779fed513bf54b2caa651454b,0.01,-0.82,-0.49,0.48,-59.24,0.95,-89.44
2024-10-05 15:18:03.134,83c8c23779fed513bf54b2caa651454b,0.02,-0.84,-0.47,1.18,-60.76,0.97,-88.64
2024-10-05 15:18:03.234,83c8c23779fed513bf54b2caa651454b,0.02,-0.86,-0.47,1.4,-61.41,0.98,-88.4
2024-10-05 15:18:03.359,83c8c23779fed513bf54b2caa651454b,0.02,-0.83,-0.47,0.96,-60.42,0.96,-88.9
2024-10-05 15:18:03.434,83c8c23779fed513bf54b2caa651454b,0.01,-0.84,-0.48,0.71,-60.04,0.97,-89.18
2024-10-05 15:18:03.534,83c8c23779fed513bf54b2caa651454b,0.04,-0.83,-0.48,2.15,-59.62,0.96,-87.51
2024-10-05 15:18:03.634,83c8c23779fed513bf54b2caa651454b,0.01,-0.83,-0.52,0.47,-57.99,0.98,-89.45
2024-10-05 15:18:03.857,83c8c23779fed513bf54b2caa651454b,0.03,-0.84,-0.48,1.67,-60.3,0.96,-88.08
2024-10-05 15:18:03.934,83c8c23779fed513bf54b2caa651454b,0.04,-0.83,-0.48,2.39,-59.61,0.96,-87.23
2024-10-05 15:18:04.034,83c8c23779fed513bf54b2caa651454b,0.02,-0.83,-0.48,1.43,-59.78,0.96,-88.35
2024-10-05 15:18:04.134,83c8c23779fed513bf54b2caa651454b,0.02,-0.82,-0.48,1.45,-59.5,0.95,-88.32
2024-10-05 15:18:04.234,83c8c23779fed513bf54b2caa651454b,0.02,-0.83,-0.48,1.44,-59.87,0.96,-88.34
2024-10-05 15:18:04.349,83c8c23779fed513bf54b2caa651454b,0.01,-0.83,-0.48,0.72,-60.01,0.96,-89.17
2024-10-05 15:18:04.435,83c8c23779fed513bf54b2caa651454b,0.02,-0.82,-0.49,1.44,-59.33,0.96,-88.33
2024-10-05 15:18:04.535,83c8c23779fed513bf54b2caa651454b,0,-0.82,-0.48,0.24,-59.57,0.96,-89.72
2024-10-05 15:18:04.635,83c8c23779fed513bf54b2caa651454b,0.03,-0.82,-0.48,1.69,-59.61,0.95,-88.04
2024-10-05 15:18:04.735,83c8c23779fed513bf54b2caa651454b,0.02,-0.84,-0.47,1.43,-60.52,0.96,-88.36
2024-10-05 15:18:04.867,83c8c23779fed513bf54b2caa651454b,0.03,-0.83,-0.5,1.89,-59.15,0.97,-87.8
2024-10-05 15:18:04.935,83c8c23779fed513bf54b2caa651454b,0.02,-0.83,-0.5,1.42,-59.05,0.97,-88.34
2024-10-05 15:18:05.035,83c8c23779fed513bf54b2caa651454b,0.04,-0.81,-0.5,2.17,-58.51,0.95,-87.46
2024-10-05 15:18:05.135,83c8c23779fed513bf54b2caa651454b,0.01,-0.84,-0.48,0.71,-60.57,0.97,-89.19
2024-10-05 15:18:05.235,83c8c23779fed513bf54b2caa651454b,0,-0.85,-0.46,0.24,-61.43,0.97,-89.73
2024-10-05 15:18:05.361,83c8c23779fed513bf54b2caa651454b,0.07,-0.81,-0.5,4.33,-57.99,0.95,-84.91
2024-10-05 15:18:05.435,83c8c23779fed513bf54b2caa651454b,0.02,-0.84,-0.5,1.17,-59.14,0.98,-88.64
2024-10-05 15:18:05.535,83c8c23779fed513bf54b2caa651454b,0.06,-0.8,-0.52,3.59,-56.6,0.96,-85.71
2024-10-05 15:18:05.641,83c8c23779fed513bf54b2caa651454b,0.01,-0.82,-0.52,0.71,-57.74,0.97,-89.17
2024-10-05 15:18:05.766,83c8c23779fed513bf54b2caa651454b,0.01,-0.82,-0.48,0.72,-59.56,0.96,-89.17
2024-10-05 15:18:05.856,83c8c23779fed513bf54b2caa651454b,0.03,-0.83,-0.48,1.67,-60.18,0.96,-88.07
2024-10-05 15:18:05.936,83c8c23779fed513bf54b2caa651454b,0.01,-0.83,-0.5,0.47,-59.2,0.97,-89.45
2024-10-05 15:18:06.035,83c8c23779fed513bf54b2caa651454b,0.02,-0.81,-0.49,1.45,-58.96,0.95,-88.31
2024-10-05 15:18:06.162,83c8c23779fed513bf54b2caa651454b,0.04,-0.73,-0.43,2.44,-59.23,0.85,-87.17
2024-10-05 15:18:06.263,83c8c23779fed513bf54b2caa651454b,0.01,-0.85,-0.42,0.48,-63.65,0.95,-89.46
2024-10-05 15:18:06.355,83c8c23779fed513bf54b2caa651454b,0,-0.83,-0.48,0.24,-59.81,0.96,-89.72
2024-10-05 15:18:06.436,83c8c23779fed513bf54b2caa651454b,0.02,-0.86,-0.48,1.39,-60.6,0.99,-88.4
2024-10-05 15:18:06.536,83c8c23779fed513bf54b2caa651454b,0.02,-0.84,-0.46,1.2,-60.95,0.96,-88.63
2024-10-05 15:18:06.636,83c8c23779fed513bf54b2caa651454b,0.02,-0.85,-0.44,1.19,-62.66,0.96,-88.66
2024-10-05 15:18:06.736,83c8c23779fed513bf54b2caa651454b,0.02,-0.83,-0.45,1.45,-61.45,0.95,-88.35
2024-10-05 15:18:06.876,83c8c23779fed513bf54b2caa651454b,0.01,-0.84,-0.45,0.48,-61.81,0.95,-89.45
2024-10-05 15:18:06.937,83c8c23779fed513bf54b2caa651454b,0.01,-0.84,-0.46,0.72,-61.17,0.95,-89.18
2024-10-05 15:18:07.037,83c8c23779fed513bf54b2caa651454b,0,-0.84,-0.45,0.24,-61.71,0.95,-89.73
2024-10-05 15:18:07.137,83c8c23779fed513bf54b2caa651454b,0.01,-0.84,-0.46,0.72,-61.38,0.95,-89.18
2024-10-05 15:18:07.237,83c8c23779fed513bf54b2caa651454b,0.01,-0.85,-0.47,0.71,-61.01,0.97,-89.19
2024-10-05 15:18:07.373,83c8c23779fed513bf54b2caa651454b,0.01,-0.85,-0.46,0.47,-61.31,0.97,-89.46
2024-10-05 15:18:07.437,83c8c23779fed513bf54b2caa651454b,0.02,-0.82,-0.45,0.98,-61.12,0.94,-88.88
2024-10-05 15:18:07.537,83c8c23779fed513bf54b2caa651454b,-0.02,-0.88,-0.43,-1.17,-63.83,0.98,-91.3
2024-10-05 15:18:07.637,83c8c23779fed513bf54b2caa651454b,-0.01,-0.87,-0.46,-0.7,-61.97,0.99,-90.79
2024-10-05 15:18:07.737,83c8c23779fed513bf54b2caa651454b,-0.01,-0.84,-0.45,-0.48,-61.83,0.96,-90.54
2024-10-05 15:18:07.851,83c8c23779fed513bf54b2caa651454b,-0.01,-0.86,-0.44,-0.47,-62.9,0.97,-90.53
2024-10-05 15:18:07.937,83c8c23779fed513bf54b2caa651454b,0,-0.83,-0.44,0,-62.01,0.94,-90
2024-10-05 15:18:08.038,83c8c23779fed513bf54b2caa651454b,-0.01,-0.86,-0.46,-0.47,-62.17,0.98,-90.53
2024-10-05 15:18:08.137,83c8c23779fed513bf54b2caa651454b,0.01,-0.82,-0.43,0.49,-62.33,0.93,-89.44
2024-10-05 15:18:08.237,83c8c23779fed513bf54b2caa651454b,0,-0.88,-0.4,0.24,-65.67,0.96,-89.74
2024-10-05 15:18:08.358,83c8c23779fed513bf54b2caa651454b,0,-0.84,-0.47,0,-60.99,0.97,-90
2024-10-05 15:18:08.438,83c8c23779fed513bf54b2caa651454b,0,-0.82,-0.48,-0.24,-59.74,0.94,-90.28
2024-10-05 15:18:08.538,83c8c23779fed513bf54b2caa651454b,-0.06,-0.8,-0.51,-3.39,-57.1,0.95,-94.02
2024-10-05 15:18:08.638,83c8c23779fed513bf54b2caa651454b,-0.03,-0.83,-0.48,-1.67,-59.77,0.96,-91.93
2024-10-05 15:18:08.738,83c8c23779fed513bf54b2caa651454b,0.03,-0.79,-0.55,1.67,-55.28,0.96,-87.98
2024-10-05 15:18:08.938,83c8c23779fed513bf54b2caa651454b,0,-0.84,-0.47,0,-60.76,0.96,-90
2024-10-05 15:18:09.038,83c8c23779fed513bf54b2caa651454b,0,-0.83,-0.47,0,-60.31,0.95,-90
2024-10-05 15:18:09.138,83c8c23779fed513bf54b2caa651454b,0.02,-0.83,-0.5,0.95,-59.06,0.97,-88.89
2024-10-05 15:18:09.238,83c8c23779fed513bf54b2caa651454b,0.02,-0.85,-0.48,0.94,-60.68,0.97,-88.92
2024-10-05 15:18:09.357,83c8c23779fed513bf54b2caa651454b,0,-0.84,-0.47,0,-60.88,0.96,-90
2024-10-05 15:18:09.438,83c8c23779fed513bf54b2caa651454b,0.03,-0.82,-0.5,1.68,-58.67,0.96,-88.03
2024-10-05 15:18:09.539,83c8c23779fed513bf54b2caa651454b,0.01,-0.83,-0.48,0.72,-59.68,0.96,-89.17
2024-10-05 15:18:09.639,83c8c23779fed513bf54b2caa651454b,0.01,-0.83,-0.48,0.48,-59.69,0.96,-89.45
2024-10-05 15:18:09.739,83c8c23779fed513bf54b2caa651454b,0.01,-0.84,-0.48,0.71,-60.25,0.97,-89.18
2024-10-05 15:18:09.857,83c8c23779fed513bf54b2caa651454b,0.01,-0.82,-0.48,0.72,-59.77,0.95,-89.17
2024-10-05 15:18:09.939,83c8c23779fed513bf54b2caa651454b,0.01,-0.83,-0.48,0.72,-59.89,0.96,-89.17
2024-10-05 15:18:10.039,83c8c23779fed513bf54b2caa651454b,0,-0.84,-0.48,0,-60.58,0.97,-90
2024-10-05 15:18:10.139,83c8c23779fed513bf54b2caa651454b,0.02,-0.83,-0.49,1.19,-59.26,0.96,-88.62
2024-10-05 15:18:10.239,83c8c23779fed513bf54b2caa651454b,0.02,-0.82,-0.47,0.97,-60.27,0.94,-88.88
2024-10-05 15:18:10.348,83c8c23779fed513bf54b2caa651454b,0.01,-0.83,-0.49,0.48,-59.6,0.96,-89.45
2024-10-05 15:18:10.439,83c8c23779fed513bf54b2caa651454b,0,-0.83,-0.47,-0.24,-60.64,0.95,-90.28
2024-10-05 15:18:10.539,83c8c23779fed513bf54b2caa651454b,0.02,-0.83,-0.49,1.19,-59.59,0.96,-88.62
2024-10-05 15:18:10.639,83c8c23779fed513bf54b2caa651454b,0,-0.84,-0.47,-0.24,-60.76,0.96,-90.27
2024-10-05 15:18:10.739,83c8c23779fed513bf54b2caa651454b,-0.01,-0.83,-0.47,-0.48,-60.43,0.96,-90.55
2024-10-05 15:18:10.858,83c8c23779fed513bf54b2caa651454b,0.01,-0.84,-0.46,0.48,-61.18,0.95,-89.45
2024-10-05 15:18:10.940,83c8c23779fed513bf54b2caa651454b,0,-0.84,-0.48,0.24,-60.14,0.96,-89.73
2024-10-05 15:18:11.039,83c8c23779fed513bf54b2caa651454b,0,-0.84,-0.51,0,-58.71,0.98,-90
2024-10-05 15:18:11.165,83c8c23779fed513bf54b2caa651454b,0,-0.86,-0.51,0,-59.12,1,-90
2024-10-05 15:18:11.242,83c8c23779fed513bf54b2caa651454b,0.05,-0.88,-0.47,2.77,-61.76,0.99,-86.86
2024-10-05 15:18:11.369,83c8c23779fed513bf54b2caa651454b,0.08,-0.87,-0.42,4.5,-64.13,0.97,-85.02
2024-10-05 15:18:11.440,83c8c23779fed513bf54b2caa651454b,0.04,-0.88,-0.42,2.36,-64.28,0.97,-87.39
2024-10-05 15:18:11.540,83c8c23779fed513bf54b2caa651454b,0.03,-0.88,-0.4,1.66,-65.19,0.97,-88.17
2024-10-05 15:18:11.643,83c8c23779fed513bf54b2caa651454b,0.05,-0.85,-0.38,3.2,-65.99,0.93,-86.51
2024-10-05 15:18:11.759,83c8c23779fed513bf54b2caa651454b,0,-0.88,-0.4,0,-65.67,0.96,-90
2024-10-05 15:18:11.863,83c8c23779fed513bf54b2caa651454b,0.03,-0.86,-0.4,1.69,-65,0.95,-88.14
2024-10-05 15:18:11.941,83c8c23779fed513bf54b2caa651454b,0.03,-0.87,-0.41,1.66,-64.66,0.96,-88.16
2024-10-05 15:18:12.041,83c8c23779fed513bf54b2caa651454b,0.01,-0.88,-0.4,0.71,-65.43,0.97,-89.22
2024-10-05 15:18:12.142,83c8c23779fed513bf54b2caa651454b,0.04,-0.87,-0.4,2.15,-65.49,0.96,-87.64
2024-10-05 15:18:12.241,83c8c23779fed513bf54b2caa651454b,0.01,-0.87,-0.4,0.48,-65.35,0.96,-89.47
2024-10-05 15:18:12.352,83c8c23779fed513bf54b2caa651454b,0.01,-0.88,-0.39,0.72,-65.88,0.96,-89.22
2024-10-05 15:18:12.441,83c8c23779fed513bf54b2caa651454b,0.02,-0.87,-0.4,1.44,-65.44,0.95,-88.42
2024-10-05 15:18:12.541,83c8c23779fed513bf54b2caa651454b,0.02,-0.86,-0.4,0.96,-65.14,0.95,-88.94
2024-10-05 15:18:12.641,83c8c23779fed513bf54b2caa651454b,0.03,-0.87,-0.41,1.67,-64.87,0.96,-88.16
2024-10-05 15:18:12.741,83c8c23779fed513bf54b2caa651454b,0.02,-0.87,-0.42,0.95,-64.48,0.97,-88.95
2024-10-05 15:18:12.860,83c8c23779fed513bf54b2caa651454b,0.02,-0.86,-0.42,1.19,-63.73,0.96,-88.67
2024-10-05 15:18:12.941,83c8c23779fed513bf54b2caa651454b,0.02,-0.88,-0.42,1.18,-64.46,0.98,-88.7
2024-10-05 15:18:13.041,83c8c23779fed513bf54b2caa651454b,0.02,-0.88,-0.4,1.43,-65.2,0.96,-88.43
2024-10-05 15:18:13.141,83c8c23779fed513bf54b2caa651454b,0.02,-0.88,-0.42,0.94,-64.68,0.97,-88.96
2024-10-05 15:18:13.241,83c8c23779fed513bf54b2caa651454b,0.02,-0.86,-0.4,1.21,-65.25,0.95,-88.67
2024-10-05 15:18:13.356,83c8c23779fed513bf54b2caa651454b,0.04,-0.87,-0.41,2.14,-64.84,0.96,-87.64
2024-10-05 15:18:13.442,83c8c23779fed513bf54b2caa651454b,0.01,-0.86,-0.41,0.48,-64.29,0.95,-89.46
2024-10-05 15:18:13.542,83c8c23779fed513bf54b2caa651454b,0.01,-0.87,-0.42,0.48,-64.39,0.96,-89.47
2024-10-05 15:18:13.642,83c8c23779fed513bf54b2caa651454b,0.01,-0.88,-0.42,0.71,-64.38,0.97,-89.22
2024-10-05 15:18:13.742,83c8c23779fed513bf54b2caa651454b,0.01,-0.87,-0.4,0.72,-65.03,0.96,-89.21
2024-10-05 15:18:13.849,83c8c23779fed513bf54b2caa651454b,0.04,-0.88,-0.46,2.08,-62.33,0.99,-87.66
2024-10-05 15:18:14.042,83c8c23779fed513bf54b2caa651454b,0,-0.86,-0.4,0.24,-64.73,0.95,-89.73
2024-10-05 15:18:14.144,83c8c23779fed513bf54b2caa651454b,0.02,-0.87,-0.42,0.95,-64.48,0.97,-88.95
2024-10-05 15:18:14.245,83c8c23779fed513bf54b2caa651454b,0,-0.87,-0.41,0.24,-64.71,0.96,-89.74
2024-10-05 15:18:14.350,83c8c23779fed513bf54b2caa651454b,0.02,-0.86,-0.41,0.96,-64.49,0.96,-88.94
2024-10-05 15:18:14.442,83c8c23779fed513bf54b2caa651454b,0.02,-0.88,-0.41,1.18,-64.79,0.97,-88.69
2024-10-05 15:18:14.542,83c8c23779fed513bf54b2caa651454b,0.02,-0.86,-0.4,1.45,-64.7,0.95,-88.39
2024-10-05 15:18:14.642,83c8c23779fed513bf54b2caa651454b,0.02,-0.86,-0.42,0.95,-64.06,0.96,-88.94
2024-10-05 15:18:14.742,83c8c23779fed513bf54b2caa651454b,0.01,-0.87,-0.41,0.48,-64.92,0.96,-89.47
2024-10-05 15:18:14.888,83c8c23779fed513bf54b2caa651454b,0.01,-0.88,-0.42,0.47,-64.79,0.98,-89.48
2024-10-05 15:18:14.945,83c8c23779fed513bf54b2caa651454b,0,-0.87,-0.4,0.24,-65.14,0.96,-89.74
2024-10-05 15:18:15.043,83c8c23779fed513bf54b2caa651454b,0.02,-0.87,-0.41,0.96,-64.81,0.96,-88.94
2024-10-05 15:18:15.143,83c8c23779fed513bf54b2caa651454b,0.02,-0.86,-0.42,1.2,-63.62,0.96,-88.66
2024-10-05 15:18:15.243,83c8c23779fed513bf54b2caa651454b,0,-0.87,-0.42,0.24,-64.39,0.96,-89.74
2024-10-05 15:18:15.358,83c8c23779fed513bf54b2caa651454b,0.02,-0.87,-0.41,1.43,-64.67,0.96,-88.42
2024-10-05 15:18:15.456,83c8c23779fed513bf54b2caa651454b,0,-0.87,-0.42,0.24,-64.49,0.97,-89.74
2024-10-05 15:18:15.543,83c8c23779fed513bf54b2caa651454b,0,-0.87,-0.41,0.24,-64.71,0.96,-89.74
2024-10-05 15:18:15.643,83c8c23779fed513bf54b2caa651454b,0.01,-0.88,-0.4,0.71,-65.45,0.96,-89.22
2024-10-05 15:18:15.743,83c8c23779fed513bf54b2caa651454b,0.01,-0.87,-0.41,0.48,-64.71,0.96,-89.47
2024-10-05 15:18:15.859,83c8c23779fed513bf54b2caa651454b,0,-0.87,-0.41,0.24,-64.61,0.96,-89.74
2024-10-05 15:18:15.959,83c8c23779fed513bf54b2caa651454b,0,-0.87,-0.43,0.24,-63.86,0.97,-89.74
2024-10-05 15:18:16.108,83c8c23779fed513bf54b2caa651454b,0.01,-0.87,-0.42,0.71,-64.17,0.96,-89.21
2024-10-05 15:18:16.156,83c8c23779fed513bf54b2caa651454b,0.01,-0.88,-0.42,0.47,-64.38,0.97,-89.48
2024-10-05 15:18:16.246,83c8c23779fed513bf54b2caa651454b,0,-0.87,-0.4,0.24,-65.36,0.96,-89.74
2024-10-05 15:18:16.351,83c8c23779fed513bf54b2caa651454b,0.01,-0.88,-0.4,0.47,-65.77,0.97,-89.48
2024-10-05 15:18:16.473,83c8c23779fed513bf54b2caa651454b,0.04,-0.9,-0.44,2.06,-64.08,1,-87.71
2024-10-05 15:18:16.544,83c8c23779fed513bf54b2caa651454b,-0.01,-0.83,-0.42,-0.49,-62.99,0.93,-90.55
2024-10-05 15:18:16.644,83c8c23779fed513bf54b2caa651454b,0.02,-0.86,-0.42,1.2,-63.62,0.96,-88.66
2024-10-05 15:18:16.744,83c8c23779fed513bf54b2caa651454b,0.03,-0.87,-0.41,1.9,-64.64,0.96,-87.9
2024-10-05 15:18:16.871,83c8c23779fed513bf54b2caa651454b,0.02,-0.86,-0.44,1.42,-62.87,0.97,-88.4
2024-10-05 15:18:16.963,83c8c23779fed513bf54b2caa651454b,0.02,-0.86,-0.41,1.2,-64.59,0.95,-88.67
2024-10-05 15:18:17.045,83c8c23779fed513bf54b2caa651454b,0.02,-0.9,-0.44,0.91,-64.24,1,-88.99
2024-10-05 15:18:17.146,83c8c23779fed513bf54b2caa651454b,0.02,-0.87,-0.44,1.4,-62.98,0.98,-88.42
2024-10-05 15:18:17.245,83c8c23779fed513bf54b2caa651454b,0.02,-0.85,-0.44,1.44,-62.86,0.96,-88.39
2024-10-05 15:18:17.363,83c8c23779fed513bf54b2caa651454b,0.02,-0.87,-0.43,1.42,-63.72,0.97,-88.42
2024-10-05 15:18:17.457,83c8c23779fed513bf54b2caa651454b,0.03,-0.86,-0.43,1.67,-63.49,0.96,-88.14
2024-10-05 15:18:17.545,83c8c23779fed513bf54b2caa651454b,0.04,-0.88,-0.44,2.1,-63.57,0.98,-87.66
2024-10-05 15:18:17.645,83c8c23779fed513bf54b2caa651454b,0.01,-0.86,-0.43,0.72,-63.21,0.96,-89.2
2024-10-05 15:18:17.745,83c8c23779fed513bf54b2caa651454b,0.02,-0.86,-0.43,1.2,-63.41,0.96,-88.66
2024-10-05 15:18:17.857,83c8c23779fed513bf54b2caa651454b,0.02,-0.85,-0.42,1.2,-63.52,0.95,-88.66
2024-10-05 15:18:17.959,83c8c23779fed513bf54b2caa651454b,0.03,-0.87,-0.45,1.64,-62.76,0.98,-88.16
2024-10-05 15:18:18.045,83c8c23779fed513bf54b2caa651454b,0.02,-0.86,-0.44,1.43,-63.08,0.96,-88.4
2024-10-05 15:18:18.145,83c8c23779fed513bf54b2caa651454b,0.02,-0.86,-0.43,1.19,-63.62,0.96,-88.67
2024-10-05 15:18:18.245,83c8c23779fed513bf54b2caa651454b,0.02,-0.85,-0.44,0.96,-62.77,0.95,-88.92
2024-10-05 15:18:18.353,83c8c23779fed513bf54b2caa651454b,0.02,-0.84,-0.44,0.96,-62.66,0.95,-88.91
2024-10-05 15:18:18.458,83c8c23779fed513bf54b2caa651454b,0.03,-0.85,-0.44,1.91,-62.3,0.96,-87.84
2024-10-05 15:18:18.545,83c8c23779fed513bf54b2caa651454b,0.01,-0.85,-0.44,0.48,-62.47,0.96,-89.46
2024-10-05 15:18:18.646,83c8c23779fed513bf54b2caa651454b,0.02,-0.85,-0.44,1.19,-62.45,0.96,-88.66
2024-10-05 15:18:18.746,83c8c23779fed513bf54b2caa651454b,0.02,-0.86,-0.44,1.19,-62.56,0.96,-88.66
2024-10-05 15:18:18.885,83c8c23779fed513bf54b2caa651454b,0.03,-0.86,-0.44,1.66,-62.86,0.97,-88.14
2024-10-05 15:18:18.969,83c8c23779fed513bf54b2caa651454b,0.04,-0.85,-0.52,2.31,-58.6,0.99,-87.3
2024-10-05 15:18:19.146,83c8c23779fed513bf54b2caa651454b,0.02,-0.86,-0.45,1.41,-62.56,0.97,-88.41
2024-10-05 15:18:19.246,83c8c23779fed513bf54b2caa651454b,0.03,-0.85,-0.46,1.66,-61.8,0.97,-88.12
2024-10-05 15:18:19.368,83c8c23779fed513bf54b2caa651454b,0.02,-0.86,-0.45,0.94,-62.26,0.97,-88.93
2024-10-05 15:18:19.460,83c8c23779fed513bf54b2caa651454b,0.03,-0.86,-0.43,1.67,-63.28,0.96,-88.14
2024-10-05 15:18:19.546,83c8c23779fed513bf54b2caa651454b,0.02,-0.86,-0.42,1.44,-64.15,0.96,-88.4
2024-10-05 15:18:19.646,83c8c23779fed513bf54b2caa651454b,0.04,-0.87,-0.44,2.36,-63.23,0.97,-87.36
2024-10-05 15:18:19.746,83c8c23779fed513bf54b2caa651454b,0.02,-0.86,-0.44,1.42,-62.98,0.97,-88.41
2024-10-05 15:18:19.860,83c8c23779fed513bf54b2caa651454b,0.02,-0.86,-0.42,1.19,-64.26,0.96,-88.67
2024-10-05 15:18:19.959,83c8c23779fed513bf54b2caa651454b,0.02,-0.87,-0.41,1.43,-64.79,0.96,-88.42
2024-10-05 15:18:20.047,83c8c23779fed513bf54b2caa651454b,0.01,-0.87,-0.42,0.71,-63.96,0.97,-89.21
2024-10-05 15:18:20.147,83c8c23779fed513bf54b2caa651454b,0.02,-0.86,-0.44,0.95,-62.99,0.96,-88.93
2024-10-05 15:18:20.247,83c8c23779fed513bf54b2caa651454b,0.01,-0.86,-0.41,0.72,-64.5,0.96,-89.2
2024-10-05 15:18:20.348,83c8c23779fed513bf54b2caa651454b,0.02,-0.88,-0.42,0.94,-64.68,0.97,-88.96
2024-10-05 15:18:20.470,83c8c23779fed513bf54b2caa651454b,0,-0.86,-0.42,0.24,-64.08,0.95,-89.73
2024-10-05 15:18:20.547,83c8c23779fed513bf54b2caa651454b,0.01,-0.86,-0.42,0.72,-64.07,0.96,-89.2
2024-10-05 15:18:20.647,83c8c23779fed513bf54b2caa651454b,0.02,-0.86,-0.42,1.2,-63.94,0.96,-88.67
2024-10-05 15:18:20.753,83c8c23779fed513bf54b2caa651454b,0.02,-0.87,-0.43,1.18,-63.73,0.97,-88.68
2024-10-05 15:18:20.860,83c8c23779fed513bf54b2caa651454b,0.01,-0.87,-0.43,0.71,-63.74,0.97,-89.21
2024-10-05 15:18:20.967,83c8c23779fed513bf54b2caa651454b,0.01,-0.86,-0.4,0.48,-64.94,0.95,-89.47
2024-10-05 15:18:21.105,83c8c23779fed513bf54b2caa651454b,0.01,-0.86,-0.42,0.72,-64.18,0.96,-89.2
2024-10-05 15:18:21.163,83c8c23779fed513bf54b2caa651454b,0.02,-0.88,-0.43,0.94,-64.05,0.98,-88.96
2024-10-05 15:18:21.259,83c8c23779fed513bf54b2caa651454b,0.02,-0.86,-0.44,1.19,-63.09,0.96,-88.67
2024-10-05 15:18:21.365,83c8c23779fed513bf54b2caa651454b,0.01,-0.86,-0.42,0.72,-63.75,0.96,-89.2
2024-10-05 15:18:21.459,83c8c23779fed513bf54b2caa651454b,0,-0.87,-0.43,0.24,-63.75,0.97,-89.74
2024-10-05 15:18:21.548,83c8c23779fed513bf54b2caa651454b,0.01,-0.87,-0.39,0.72,-65.78,0.96,-89.21
2024-10-05 15:18:21.648,83c8c23779fed513bf54b2caa651454b,0.02,-0.87,-0.42,1.42,-64.46,0.97,-88.42
2024-10-05 15:18:21.748,83c8c23779fed513bf54b2caa651454b,0.01,-0.88,-0.41,0.71,-65.12,0.97,-89.22
2024-10-05 15:18:21.863,83c8c23779fed513bf54b2caa651454b,0.01,-0.86,-0.42,0.48,-63.86,0.95,-89.46
2024-10-05 15:18:21.964,83c8c23779fed513bf54b2caa651454b,0.01,-0.86,-0.42,0.72,-64.28,0.96,-89.2
2024-10-05 15:18:22.049,83c8c23779fed513bf54b2caa651454b,0.02,-0.86,-0.43,0.95,-63.63,0.96,-88.94
2024-10-05 15:18:22.149,83c8c23779fed513bf54b2caa651454b,0,-0.86,-0.42,0.24,-63.97,0.96,-89.73
2024-10-05 15:18:22.249,83c8c23779fed513bf54b2caa651454b,0,-0.87,-0.38,0.24,-66.23,0.95,-89.74
2024-10-05 15:18:22.366,83c8c23779fed513bf54b2caa651454b,0.03,-0.9,-0.41,1.62,-65.35,0.99,-88.22
2024-10-05 15:18:22.480,83c8c23779fed513bf54b2caa651454b,0,-0.85,-0.48,0,-60.81,0.98,-90
2024-10-05 15:18:22.549,83c8c23779fed513bf54b2caa651454b,0,-0.85,-0.47,-0.24,-60.9,0.97,-90.27
2024-10-05 15:18:22.649,83c8c23779fed513bf54b2caa651454b,0.02,-0.85,-0.44,1.44,-62.54,0.96,-88.38
2024-10-05 15:18:22.749,83c8c23779fed513bf54b2caa651454b,0.02,-0.88,-0.42,1.18,-64.36,0.97,-88.69
2024-10-05 15:18:22.851,83c8c23779fed513bf54b2caa651454b,0.01,-0.85,-0.42,0.48,-63.54,0.95,-89.46
2024-10-05 15:18:22.959,83c8c23779fed513bf54b2caa651454b,0.04,-0.85,-0.44,2.39,-62.8,0.96,-87.31
2024-10-05 15:18:23.049,83c8c23779fed513bf54b2caa651454b,0.03,-0.86,-0.43,1.68,-63.39,0.96,-88.13
2024-10-05 15:18:23.150,83c8c23779fed513bf54b2caa651454b,0,-0.86,-0.44,0.24,-63.12,0.96,-89.73
2024-10-05 15:18:23.249,83c8c23779fed513bf54b2caa651454b,0.02,-0.86,-0.44,0.95,-62.78,0.96,-88.93
2024-10-05 15:18:23.370,83c8c23779fed513bf54b2caa651454b,0.01,-0.86,-0.43,0.48,-63.32,0.96,-89.47
2024-10-05 15:18:23.461,83c8c23779fed513bf54b2caa651454b,0.02,-0.86,-0.44,1.19,-62.77,0.96,-88.66
2024-10-05 15:18:23.550,83c8c23779fed513bf54b2caa651454b,0.03,-0.84,-0.44,1.93,-62.4,0.95,-87.83
2024-10-05 15:18:23.650,83c8c23779fed513bf54b2caa651454b,0.02,-0.86,-0.44,1.19,-62.56,0.96,-88.66
2024-10-05 15:18:23.750,83c8c23779fed513bf54b2caa651454b,0.01,-0.86,-0.44,0.71,-62.79,0.97,-89.2
2024-10-05 15:18:23.861,83c8c23779fed513bf54b2caa651454b,0.02,-0.86,-0.44,1.19,-62.98,0.96,-88.66
2024-10-05 15:18:23.959,83c8c23779fed513bf54b2caa651454b,0.03,-0.85,-0.44,1.91,-62.63,0.96,-87.85
2024-10-05 15:18:24.050,83c8c23779fed513bf54b2caa651454b,0.03,-0.86,-0.44,1.9,-62.84,0.97,-87.87
2024-10-05 15:18:24.310,83c8c23779fed513bf54b2caa651454b,0.02,-0.86,-0.45,1.42,-62.24,0.97,-88.4
2024-10-05 15:18:24.351,83c8c23779fed513bf54b2caa651454b,0.03,-0.86,-0.45,1.66,-62.12,0.97,-88.13
2024-10-05 15:18:24.458,83c8c23779fed513bf54b2caa651454b,0.02,-0.86,-0.45,0.95,-62.15,0.97,-88.93
2024-10-05 15:18:24.550,83c8c23779fed513bf54b2caa651454b,0.02,-0.85,-0.44,1.44,-62.75,0.95,-88.38
2024-10-05 15:18:24.650,83c8c23779fed513bf54b2caa651454b,0.03,-0.85,-0.44,1.91,-62.3,0.96,-87.84
2024-10-05 15:18:24.750,83c8c23779fed513bf54b2caa651454b,0.02,-0.85,-0.43,1.44,-62.97,0.95,-88.38
2024-10-05 15:18:24.895,83c8c23779fed513bf54b2caa651454b,0.01,-0.86,-0.44,0.71,-62.58,0.96,-89.2
2024-10-05 15:18:24.964,83c8c23779fed513bf54b2caa651454b,0.02,-0.83,-0.43,1.22,-62.54,0.94,-88.62
2024-10-05 15:18:25.051,83c8c23779fed513bf54b2caa651454b,0.02,-0.85,-0.45,0.96,-62.14,0.96,-88.92
2024-10-05 15:18:25.151,83c8c23779fed513bf54b2caa651454b,0.02,-0.84,-0.46,1.19,-61.6,0.96,-88.64
2024-10-05 15:18:25.251,83c8c23779fed513bf54b2caa651454b,0.02,-0.85,-0.44,0.95,-62.46,0.96,-88.92
2024-10-05 15:18:25.360,83c8c23779fed513bf54b2caa651454b,0.02,-0.85,-0.44,1.44,-62.33,0.96,-88.38
2024-10-05 15:18:25.458,83c8c23779fed513bf54b2caa651454b,0.02,-0.84,-0.46,1.43,-61.59,0.96,-88.37
2024-10-05 15:18:25.551,83c8c23779fed513bf54b2caa651454b,0.02,-0.86,-0.44,0.95,-63.1,0.96,-88.93
2024-10-05 15:18:25.651,83c8c23779fed513bf54b2caa651454b,0,-0.84,-0.45,-0.24,-61.81,0.95,-90.27
2024-10-05 15:18:25.751,83c8c23779fed513bf54b2caa651454b,0.01,-0.86,-0.43,0.72,-63.43,0.96,-89.2
2024-10-05 15:18:25.851,83c8c23779fed513bf54b2caa651454b,0,-0.84,-0.43,0.24,-62.78,0.94,-89.73
2024-10-05 15:18:25.969,83c8c23779fed513bf54b2caa651454b,0.03,-0.86,-0.44,1.66,-62.86,0.97,-88.14
2024-10-05 15:18:26.104,83c8c23779fed513bf54b2caa651454b,0.01,-0.86,-0.44,0.47,-62.69,0.97,-89.47
2024-10-05 15:18:26.152,83c8c23779fed513bf54b2caa651454b,0.02,-0.84,-0.46,1.2,-61.48,0.96,-88.64
2024-10-05 15:18:26.258,83c8c23779fed513bf54b2caa651454b,0.04,-0.88,-0.42,2.36,-64.5,0.97,-87.39
2024-10-05 15:18:26.376,83c8c23779fed513bf54b2caa651454b,0,-0.87,-0.42,0.24,-64.07,0.97,-89.74
2024-10-05 15:18:26.461,83c8c23779fed513bf54b2caa651454b,0.02,-0.85,-0.46,1.43,-61.49,0.97,-88.38
2024-10-05 15:18:26.552,83c8c23779fed513bf54b2caa651454b,0.02,-0.87,-0.45,1.4,-62.46,0.98,-88.42
2024-10-05 15:18:26.652,83c8c23779fed513bf54b2caa651454b,0,-0.85,-0.45,0.24,-62.26,0.96,-89.73
2024-10-05 15:18:26.752,83c8c23779fed513bf54b2caa651454b,0.02,-0.85,-0.44,1.43,-62.44,0.96,-88.39
2024-10-05 15:18:26.883,83c8c23779fed513bf54b2caa651454b,0.03,-0.86,-0.44,1.66,-62.54,0.96,-88.13
2024-10-05 15:18:26.969,83c8c23779fed513bf54b2caa651454b,0.03,-0.85,-0.44,1.68,-62.53,0.96,-88.11
2024-10-05 15:18:27.053,83c8c23779fed513bf54b2caa651454b,0.02,-0.85,-0.44,1.19,-62.45,0.96,-88.66
2024-10-05 15:18:27.153,83c8c23779fed513bf54b2caa651454b,0.02,-0.85,-0.45,1.19,-62.13,0.96,-88.65
2024-10-05 15:18:27.253,83c8c23779fed513bf54b2caa651454b,0.02,-0.85,-0.46,1.19,-61.82,0.97,-88.66
2024-10-05 15:18:27.369,83c8c23779fed513bf54b2caa651454b,0.01,-0.86,-0.44,0.71,-62.58,0.96,-89.2
2024-10-05 15:18:27.459,83c8c23779fed513bf54b2caa651454b,0,-0.86,-0.44,0,-62.69,0.97,-90
2024-10-05 15:18:27.553,83c8c23779fed513bf54b2caa651454b,0.01,-0.85,-0.44,0.72,-62.68,0.96,-89.19
2024-10-05 15:18:27.653,83c8c23779fed513bf54b2caa651454b,0.03,-0.85,-0.45,1.9,-61.99,0.97,-87.85
2024-10-05 15:18:27.753,83c8c23779fed513bf54b2caa651454b,0.02,-0.85,-0.44,0.96,-62.77,0.95,-88.92
2024-10-05 15:18:27.853,83c8c23779fed513bf54b2caa651454b,0.01,-0.84,-0.46,0.72,-61.61,0.96,-89.19
2024-10-05 15:18:27.967,83c8c23779fed513bf54b2caa651454b,0.02,-0.85,-0.45,1.43,-62.02,0.96,-88.39
2024-10-05 15:18:28.053,83c8c23779fed513bf54b2caa651454b,0.01,-0.86,-0.44,0.71,-62.9,0.97,-89.2
2024-10-05 15:18:28.153,83c8c23779fed513bf54b2caa651454b,0.02,-0.85,-0.43,0.96,-62.99,0.95,-88.92
2024-10-05 15:18:28.253,83c8c23779fed513bf54b2caa651454b,0.01,-0.86,-0.43,0.71,-63.32,0.96,-89.2
2024-10-05 15:18:28.363,83c8c23779fed513bf54b2caa651454b,0.02,-0.86,-0.44,1.43,-63.08,0.96,-88.4
2024-10-05 15:18:28.459,83c8c23779fed513bf54b2caa651454b,0.02,-0.84,-0.43,1.45,-63.07,0.95,-88.37
2024-10-05 15:18:28.553,83c8c23779fed513bf54b2caa651454b,0.02,-0.85,-0.43,0.96,-62.99,0.95,-88.92
2024-10-05 15:18:28.654,83c8c23779fed513bf54b2caa651454b,0.01,-0.87,-0.46,0.7,-62.39,0.98,-89.21
2024-10-05 15:18:28.754,83c8c23779fed513bf54b2caa651454b,0.01,-0.85,-0.44,0.72,-62.57,0.96,-89.19
2024-10-05 15:18:28.863,83c8c23779fed513bf54b2caa651454b,0.02,-0.86,-0.44,1.19,-62.88,0.97,-88.67
2024-10-05 15:18:28.958,83c8c23779fed513bf54b2caa651454b,0.02,-0.85,-0.45,1.43,-62.12,0.96,-88.38
2024-10-05 15:18:29.054,83c8c23779fed513bf54b2caa651454b,0.01,-0.85,-0.44,0.72,-62.68,0.96,-89.19
2024-10-05 15:18:29.178,83c8c23779fed513bf54b2caa651454b,0.03,-0.84,-0.38,1.99,-65.58,0.92,-87.82
2024-10-05 15:18:29.354,83c8c23779fed513bf54b2caa651454b,0.02,-0.85,-0.43,0.96,-63.1,0.96,-88.92
2024-10-05 15:18:29.471,83c8c23779fed513bf54b2caa651454b,0.01,-0.85,-0.44,0.48,-62.57,0.96,-89.46
2024-10-05 15:18:29.554,83c8c23779fed513bf54b2caa651454b,0.03,-0.87,-0.44,1.65,-63.07,0.97,-88.15
2024-10-05 15:18:29.654,83c8c23779fed513bf54b2caa651454b,0.02,-0.85,-0.45,1.19,-62.24,0.96,-88.66
2024-10-05 15:18:29.754,83c8c23779fed513bf54b2caa651454b,0.02,-0.85,-0.43,0.96,-63.1,0.96,-88.92
2024-10-05 15:18:29.854,83c8c23779fed513bf54b2caa651454b,0.02,-0.86,-0.44,1.42,-62.66,0.97,-88.4
2024-10-05 15:18:29.959,83c8c23779fed513bf54b2caa651454b,0.02,-0.86,-0.43,1.19,-63.3,0.96,-88.67
2024-10-05 15:18:30.054,83c8c23779fed513bf54b2caa651454b,0.02,-0.85,-0.44,1.43,-62.65,0.96,-88.39
2024-10-05 15:18:30.155,83c8c23779fed513bf54b2caa651454b,0.02,-0.84,-0.44,0.96,-62.24,0.95,-88.91
2024-10-05 15:18:30.255,83c8c23779fed513bf54b2caa651454b,0.01,-0.86,-0.45,0.71,-62.16,0.97,-89.2
2024-10-05 15:18:30.359,83c8c23779fed513bf54b2caa651454b,0,-0.87,-0.44,0.24,-62.91,0.97,-89.74
2024-10-05 15:18:30.457,83c8c23779fed513bf54b2caa651454b,0.02,-0.84,-0.44,1.21,-62.66,0.95,-88.64
2024-10-05 15:18:30.555,83c8c23779fed513bf54b2caa651454b,0.02,-0.85,-0.46,0.95,-61.83,0.97,-88.92
2024-10-05 15:18:30.655,83c8c23779fed513bf54b2caa651454b,0.01,-0.83,-0.46,0.48,-61.06,0.95,-89.45
2024-10-05 15:18:30.755,83c8c23779fed513bf54b2caa651454b,0.05,-0.85,-0.46,2.85,-61.39,0.97,-86.76
2024-10-05 15:18:30.862,83c8c23779fed513bf54b2caa651454b,0.05,-0.85,-0.46,2.84,-61.51,0.97,-86.78
2024-10-05 15:18:30.963,83c8c23779fed513bf54b2caa651454b,0.01,-0.84,-0.45,0.72,-62.03,0.96,-89.19
2024-10-05 15:18:31.097,83c8c23779fed513bf54b2caa651454b,0.06,-0.82,-0.47,3.88,-60.06,0.95,-85.54
2024-10-05 15:18:31.177,83c8c23779fed513bf54b2caa651454b,0.03,-0.85,-0.45,1.9,-62.2,0.96,-87.85
2024-10-05 15:18:31.255,83c8c23779fed513bf54b2caa651454b,0.06,-0.85,-0.46,3.32,-61.35,0.97,-86.22
2024-10-05 15:18:31.356,83c8c23779fed513bf54b2caa651454b,0.03,-0.86,-0.46,1.88,-62.01,0.97,-87.87
2024-10-05 15:18:31.475,83c8c23779fed513bf54b2caa651454b,0.03,-0.84,-0.46,1.9,-61.14,0.96,-87.83
2024-10-05 15:18:31.556,83c8c23779fed513bf54b2caa651454b,0.03,-0.85,-0.47,1.65,-60.97,0.97,-88.12
2024-10-05 15:18:31.656,83c8c23779fed513bf54b2caa651454b,0.05,-0.84,-0.46,2.86,-60.96,0.96,-86.73
2024-10-05 15:18:31.756,83c8c23779fed513bf54b2caa651454b,0.04,-0.84,-0.46,2.16,-61.1,0.95,-87.53
2024-10-05 15:18:31.856,83c8c23779fed513bf54b2caa651454b,0.03,-0.84,-0.46,1.92,-61.12,0.95,-87.81
2024-10-05 15:18:31.962,83c8c23779fed513bf54b2caa651454b,0.04,-0.83,-0.47,2.64,-60.53,0.96,-86.97
2024-10-05 15:18:32.057,83c8c23779fed513bf54b2caa651454b,0.02,-0.84,-0.46,1.44,-61.15,0.95,-88.36
2024-10-05 15:18:32.157,83c8c23779fed513bf54b2caa651454b,0.02,-0.84,-0.47,1.43,-60.84,0.96,-88.36
2024-10-05 15:18:32.257,83c8c23779fed513bf54b2caa651454b,0.03,-0.84,-0.46,1.67,-61.16,0.96,-88.1
2024-10-05 15:18:32.365,83c8c23779fed513bf54b2caa651454b,0.03,-0.84,-0.45,1.69,-61.56,0.95,-88.08
2024-10-05 15:18:32.460,83c8c23779fed513bf54b2caa651454b,0.02,-0.85,-0.47,1.18,-60.88,0.97,-88.65
2024-10-05 15:18:32.557,83c8c23779fed513bf54b2caa651454b,0.03,-0.84,-0.47,1.66,-60.63,0.96,-88.09
2024-10-05 15:18:32.657,83c8c23779fed513bf54b2caa651454b,0.03,-0.84,-0.46,1.91,-61.24,0.96,-87.82
2024-10-05 15:18:32.757,83c8c23779fed513bf54b2caa651454b,0.02,-0.83,-0.46,1.44,-60.82,0.95,-88.35
2024-10-05 15:18:32.857,83c8c23779fed513bf54b2caa651454b,0.04,-0.85,-0.46,2.13,-61.24,0.97,-87.57
2024-10-05 15:18:32.958,83c8c23779fed513bf54b2caa651454b,0.03,-0.86,-0.46,1.65,-61.7,0.97,-88.13
2024-10-05 15:18:33.057,83c8c23779fed513bf54b2caa651454b,0.04,-0.84,-0.47,2.14,-60.8,0.96,-87.55
2024-10-05 15:18:33.159,83c8c23779fed513bf54b2caa651454b,0.02,-0.85,-0.46,1.19,-61.71,0.96,-88.65
2024-10-05 15:18:33.297,83c8c23779fed513bf54b2caa651454b,0.02,-0.84,-0.46,1.44,-60.94,0.96,-88.36
2024-10-05 15:18:33.357,83c8c23779fed513bf54b2caa651454b,0.03,-0.84,-0.47,1.9,-60.93,0.97,-87.83
2024-10-05 15:18:33.460,83c8c23779fed513bf54b2caa651454b,0.03,-0.83,-0.46,1.69,-60.69,0.95,-88.06
2024-10-05 15:18:33.557,83c8c23779fed513bf54b2caa651454b,0.02,-0.84,-0.46,1.43,-61.59,0.96,-88.37
2024-10-05 15:18:33.657,83c8c23779fed513bf54b2caa651454b,0.03,-0.86,-0.48,1.63,-60.99,0.98,-88.14
2024-10-05 15:18:33.758,83c8c23779fed513bf54b2caa651454b,0.01,-0.86,-0.46,0.47,-61.65,0.98,-89.47
2024-10-05 15:18:33.859,83c8c23779fed513bf54b2caa651454b,0.03,-0.85,-0.47,1.88,-60.96,0.97,-87.85
2024-10-05 15:18:33.958,83c8c23779fed513bf54b2caa651454b,0.02,-0.84,-0.47,1.43,-60.73,0.96,-88.36
2024-10-05 15:18:34.058,83c8c23779fed513bf54b2caa651454b,0.01,-0.85,-0.45,0.71,-62.04,0.96,-89.19
2024-10-05 15:18:34.158,83c8c23779fed513bf54b2caa651454b,0.05,-0.85,-0.46,3.08,-61.69,0.97,-86.51
2024-10-05 15:18:34.258,83c8c23779fed513bf54b2caa651454b,0,-0.85,-0.44,0.24,-62.58,0.96,-89.73
2024-10-05 15:18:34.358,83c8c23779fed513bf54b2caa651454b,-0.01,-0.85,-0.43,-0.72,-63,0.95,-90.81
2024-10-05 15:18:34.471,83c8c23779fed513bf54b2caa651454b,0.01,-0.84,-0.48,0.71,-60.13,0.96,-89.18
2024-10-05 15:18:34.558,83c8c23779fed513bf54b2caa651454b,0.03,-0.85,-0.46,1.67,-61.69,0.96,-88.11
2024-10-05 15:18:34.658,83c8c23779fed513bf54b2caa651454b,0.01,-0.85,-0.44,0.72,-62.89,0.96,-89.19
2024-10-05 15:18:34.758,83c8c23779fed513bf54b2caa651454b,0.03,-0.84,-0.46,1.91,-61.35,0.96,-87.83
2024-10-05 15:18:34.858,83c8c23779fed513bf54b2caa651454b,0.03,-0.84,-0.46,1.67,-61.04,0.96,-88.09
2024-10-05 15:18:34.959,83c8c23779fed513bf54b2caa651454b,0.02,-0.84,-0.46,1.43,-61.05,0.96,-88.36
2024-10-05 15:18:35.059,83c8c23779fed513bf54b2caa651454b,0,-0.84,-0.46,0.24,-61.29,0.96,-89.73
2024-10-05 15:18:35.159,83c8c23779fed513bf54b2caa651454b,0.01,-0.84,-0.45,0.72,-61.82,0.96,-89.19
2024-10-05 15:18:35.259,83c8c23779fed513bf54b2caa651454b,0.02,-0.86,-0.45,1.19,-62.35,0.97,-88.66
2024-10-05 15:18:35.359,83c8c23779fed513bf54b2caa651454b,0.02,-0.84,-0.45,0.96,-61.81,0.96,-88.91
2024-10-05 15:18:35.459,83c8c23779fed513bf54b2caa651454b,0.03,-0.86,-0.46,1.89,-61.9,0.97,-87.86
2024-10-05 15:18:35.559,83c8c23779fed513bf54b2caa651454b,0.02,-0.84,-0.46,1.2,-61.16,0.95,-88.63
2024-10-05 15:18:35.659,83c8c23779fed513bf54b2caa651454b,0.02,-0.84,-0.46,0.96,-61.07,0.96,-88.91
2024-10-05 15:18:35.759,83c8c23779fed513bf54b2caa651454b,0.02,-0.87,-0.46,0.93,-62.38,0.98,-88.95
2024-10-05 15:18:35.865,83c8c23779fed513bf54b2caa651454b,0.02,-0.84,-0.46,0.96,-61.07,0.96,-88.91
2024-10-05 15:18:35.959,83c8c23779fed513bf54b2caa651454b,0.02,-0.85,-0.44,0.96,-62.35,0.96,-88.92
2024-10-05 15:18:36.107,83c8c23779fed513bf54b2caa651454b,0.01,-0.82,-0.46,0.73,-60.82,0.94,-89.17
2024-10-05 15:18:36.160,83c8c23779fed513bf54b2caa651454b,0.03,-0.86,-0.47,1.64,-61.09,0.98,-88.13
2024-10-05 15:18:36.269,83c8c23779fed513bf54b2caa651454b,0.02,-0.83,-0.46,0.97,-60.93,0.95,-88.89
2024-10-05 15:18:36.359,83c8c23779fed513bf54b2caa651454b,0,-0.83,-0.45,0,-61.49,0.95,-90
2024-10-05 15:18:36.459,83c8c23779fed513bf54b2caa651454b,0.04,-0.85,-0.46,2.37,-61.43,0.97,-87.3
2024-10-05 15:18:36.560,83c8c23779fed513bf54b2caa651454b,0,-0.84,-0.48,0.24,-60.58,0.97,-89.73
2024-10-05 15:18:36.660,83c8c23779fed513bf54b2caa651454b,0,-0.82,-0.48,-0.24,-59.66,0.95,-90.28
2024-10-05 15:18:36.760,83c8c23779fed513bf54b2caa651454b,0,-0.84,-0.46,0.24,-61.5,0.96,-89.73
2024-10-05 15:18:36.860,83c8c23779fed513bf54b2caa651454b,0.01,-0.84,-0.46,0.48,-61.61,0.96,-89.46
2024-10-05 15:18:36.982,83c8c23779fed513bf54b2caa651454b,0.02,-0.82,-0.47,1.21,-60.17,0.95,-88.61
2024-10-05 15:18:37.061,83c8c23779fed513bf54b2caa651454b,0.04,-0.84,-0.45,2.63,-61.72,0.96,-87.02
2024-10-05 15:18:37.160,83c8c23779fed513bf54b2caa651454b,0,-0.82,-0.46,0,-60.62,0.95,-90
2024-10-05 15:18:37.260,83c8c23779fed513bf54b2caa651454b,0.02,-0.84,-0.46,1.19,-61.39,0.96,-88.64
2024-10-05 15:18:37.360,83c8c23779fed513bf54b2caa651454b,-0.01,-0.83,-0.47,-0.48,-60.64,0.95,-90.55
2024-10-05 15:18:37.460,83c8c23779fed513bf54b2caa651454b,0.03,-0.84,-0.46,1.68,-61.46,0.96,-88.09
2024-10-05 15:18:37.561,83c8c23779fed513bf54b2caa651454b,0.01,-0.82,-0.47,0.73,-60.4,0.95,-89.17
2024-10-05 15:18:37.661,83c8c23779fed513bf54b2caa651454b,0.01,-0.84,-0.46,0.72,-60.96,0.96,-89.18
2024-10-05 15:18:37.761,83c8c23779fed513bf54b2caa651454b,0,-0.84,-0.46,-0.24,-60.97,0.96,-90.27
2024-10-05 15:18:37.862,83c8c23779fed513bf54b2caa651454b,0,-0.84,-0.46,0.24,-61.08,0.96,-89.73
2024-10-05 15:18:37.961,83c8c23779fed513bf54b2caa651454b,0.02,-0.84,-0.46,1.19,-61.39,0.96,-88.64
2024-10-05 15:18:38.061,83c8c23779fed513bf54b2caa651454b,0.01,-0.84,-0.46,0.72,-61.08,0.96,-89.18
2024-10-05 15:18:38.161,83c8c23779fed513bf54b2caa651454b,0.01,-0.84,-0.46,0.72,-61.38,0.95,-89.18
2024-10-05 15:18:38.261,83c8c23779fed513bf54b2caa651454b,0.02,-0.84,-0.48,0.95,-60.33,0.96,-88.9
2024-10-05 15:18:38.361,83c8c23779fed513bf54b2caa651454b,0.01,-0.84,-0.48,0.47,-60.25,0.97,-89.45
2024-10-05 15:18:38.464,83c8c23779fed513bf54b2caa651454b,0.02,-0.84,-0.48,1.19,-60.44,0.97,-88.64
2024-10-05 15:18:38.561,83c8c23779fed513bf54b2caa651454b,0.02,-0.85,-0.47,0.94,-60.89,0.97,-88.92
2024-10-05 15:18:38.661,83c8c23779fed513bf54b2caa651454b,0.01,-0.83,-0.45,0.48,-61.48,0.95,-89.45
2024-10-05 15:18:38.761,83c8c23779fed513bf54b2caa651454b,0.02,-0.83,-0.47,0.96,-60.42,0.96,-88.9
2024-10-05 15:18:38.861,83c8c23779fed513bf54b2caa651454b,0.01,-0.84,-0.47,0.71,-60.87,0.96,-89.18
2024-10-05 15:18:38.969,83c8c23779fed513bf54b2caa651454b,0.01,-0.84,-0.47,0.48,-60.76,0.96,-89.45
2024-10-05 15:18:39.062,83c8c23779fed513bf54b2caa651454b,0.01,-0.82,-0.48,0.72,-59.77,0.95,-89.17
2024-10-05 15:18:39.162,83c8c23779fed513bf54b2caa651454b,0.01,-0.83,-0.48,0.48,-60.01,0.96,-89.45
2024-10-05 15:18:39.262,83c8c23779fed513bf54b2caa651454b,0.02,-0.83,-0.48,0.95,-59.8,0.96,-88.9
2024-10-05 15:18:39.368,83c8c23779fed513bf54b2caa651454b,0.02,-0.84,-0.48,1.19,-60.12,0.96,-88.63
2024-10-05 15:18:39.462,83c8c23779fed513bf54b2caa651454b,0.02,-0.84,-0.4,1.47,-64.38,0.94,-88.37
2024-10-05 15:18:39.562,83c8c23779fed513bf54b2caa651454b,0.04,-0.86,-0.46,2.59,-61.96,0.97,-87.07
2024-10-05 15:18:39.662,83c8c23779fed513bf54b2caa651454b,0,-0.83,-0.48,0,-59.9,0.96,-90
2024-10-05 15:18:39.762,83c8c23779fed513bf54b2caa651454b,0.01,-0.82,-0.48,0.48,-59.57,0.96,-89.44
2024-10-05 15:18:39.862,83c8c23779fed513bf54b2caa651454b,0,-0.84,-0.49,-0.24,-59.64,0.97,-90.27
2024-10-05 15:18:39.962,83c8c23779fed513bf54b2caa651454b,0.02,-0.83,-0.5,0.94,-58.98,0.97,-88.9
2024-10-05 15:18:40.063,83c8c23779fed513bf54b2caa651454b,0.01,-0.82,-0.5,0.48,-58.83,0.96,-89.44
2024-10-05 15:18:40.163,83c8c23779fed513bf54b2caa651454b,0.03,-0.83,-0.48,1.68,-59.86,0.96,-88.06
2024-10-05 15:18:40.263,83c8c23779fed513bf54b2caa651454b,0.01,-0.82,-0.49,0.48,-59.24,0.95,-89.44
2024-10-05 15:18:40.362,83c8c23779fed513bf54b2caa651454b,0.01,-0.82,-0.48,0.48,-59.45,0.95,-89.44
2024-10-05 15:18:40.462,83c8c23779fed513bf54b2caa651454b,0.02,-0.84,-0.49,1.18,-59.82,0.97,-88.64
2024-10-05 15:18:40.563,83c8c23779fed513bf54b2caa651454b,0,-0.82,-0.49,0.24,-59.16,0.96,-89.72
2024-10-05 15:18:40.664,83c8c23779fed513bf54b2caa651454b,0.01,-0.84,-0.5,0.71,-59.31,0.97,-89.18
2024-10-05 15:18:40.763,83c8c23779fed513bf54b2caa651454b,0,-0.83,-0.48,0,-60.02,0.96,-90
2024-10-05 15:18:40.863,83c8c23779fed513bf54b2caa651454b,0,-0.82,-0.48,0,-59.99,0.95,-90
2024-10-05 15:18:40.969,83c8c23779fed513bf54b2caa651454b,0.01,-0.82,-0.48,0.48,-59.86,0.95,-89.44
2024-10-05 15:18:41.115,83c8c23779fed513bf54b2caa651454b,0.02,-0.84,-0.48,0.95,-59.92,0.97,-88.9
2024-10-05 15:18:41.165,83c8c23779fed513bf54b2caa651454b,0.01,-0.83,-0.48,0.72,-60.22,0.96,-89.17
2024-10-05 15:18:41.291,83c8c23779fed513bf54b2caa651454b,0,-0.83,-0.48,-0.24,-59.9,0.96,-90.28
2024-10-05 15:18:41.367,83c8c23779fed513bf54b2caa651454b,0.01,-0.84,-0.47,0.71,-60.78,0.97,-89.19
2024-10-05 15:18:41.463,83c8c23779fed513bf54b2caa651454b,0.01,-0.83,-0.48,0.72,-60.22,0.96,-89.17
2024-10-05 15:18:41.564,83c8c23779fed513bf54b2caa651454b,0.02,-0.84,-0.48,1.43,-60.11,0.96,-88.36
2024-10-05 15:18:41.664,83c8c23779fed513bf54b2caa651454b,0,-0.84,-0.47,-0.24,-60.99,0.97,-90.27
2024-10-05 15:18:41.764,83c8c23779fed513bf54b2caa651454b,0,-0.84,-0.48,0.24,-60.37,0.97,-89.73
2024-10-05 15:18:41.869,83c8c23779fed513bf54b2caa651454b,0.01,-0.83,-0.48,0.72,-59.68,0.96,-89.17
2024-10-05 15:18:41.965,83c8c23779fed513bf54b2caa651454b,0.02,-0.84,-0.47,0.95,-60.77,0.97,-88.91
2024-10-05 15:18:42.065,83c8c23779fed513bf54b2caa651454b,0,-0.83,-0.48,0.24,-59.9,0.96,-89.72
2024-10-05 15:18:42.166,83c8c23779fed513bf54b2caa651454b,0.01,-0.83,-0.48,0.48,-59.69,0.96,-89.45
2024-10-05 15:18:42.265,83c8c23779fed513bf54b2caa651454b,0.01,-0.83,-0.48,0.72,-60.01,0.96,-89.17
2024-10-05 15:18:42.455,83c8c23779fed513bf54b2caa651454b,0.01,-0.83,-0.47,0.72,-60.43,0.96,-89.17
2024-10-05 15:18:42.537,83c8c23779fed513bf54b2caa651454b,0.01,-0.83,-0.48,0.48,-60.01,0.96,-89.45
2024-10-05 15:18:42.564,83c8c23779fed513bf54b2caa651454b,0,-0.84,-0.47,0.24,-60.99,0.97,-89.73
2024-10-05 15:18:42.665,83c8c23779fed513bf54b2caa651454b,0,-0.84,-0.48,0.24,-60.25,0.97,-89.73
2024-10-05 15:18:42.765,83c8c23779fed513bf54b2caa651454b,0.02,-0.84,-0.48,1.43,-60.11,0.96,-88.36
2024-10-05 15:18:42.865,83c8c23779fed513bf54b2caa651454b,0.01,-0.83,-0.46,0.48,-61.06,0.95,-89.45
2024-10-05 15:18:42.965,83c8c23779fed513bf54b2caa651454b,0.04,-0.83,-0.48,2.15,-59.62,0.96,-87.51
2024-10-05 15:18:43.066,83c8c23779fed513bf54b2caa651454b,-0.01,-0.82,-0.48,-0.48,-59.86,0.95,-90.56
2024-10-05 15:18:43.165,83c8c23779fed513bf54b2caa651454b,0.02,-0.84,-0.46,0.96,-60.95,0.96,-88.9
2024-10-05 15:18:43.265,83c8c23779fed513bf54b2caa651454b,-0.02,-0.82,-0.47,-1.45,-60.16,0.95,-91.67
2024-10-05 15:18:43.365,83c8c23779fed513bf54b2caa651454b,0.03,-0.85,-0.48,1.64,-60.24,0.98,-88.11
2024-10-05 15:18:43.465,83c8c23779fed513bf54b2caa651454b,0.03,-0.83,-0.47,1.68,-60.6,0.96,-88.07
2024-10-05 15:18:43.565,83c8c23779fed513bf54b2caa651454b,0,-0.83,-0.47,0,-60.64,0.95,-90
2024-10-05 15:18:43.665,83c8c23779fed513bf54b2caa651454b,0,-0.84,-0.48,0.24,-60.46,0.97,-89.73
2024-10-05 15:18:43.765,83c8c23779fed513bf54b2caa651454b,0.02,-0.84,-0.52,1.16,-58.42,0.99,-88.64
2024-10-05 15:18:43.866,83c8c23779fed513bf54b2caa651454b,0.01,-0.84,-0.48,0.47,-60.25,0.97,-89.45
2024-10-05 15:18:43.965,83c8c23779fed513bf54b2caa651454b,-0.02,-0.87,-0.45,-0.94,-62.48,0.98,-91.06
2024-10-05 15:18:44.066,83c8c23779fed513bf54b2caa651454b,0,-0.83,-0.48,0,-59.81,0.96,-90
2024-10-05 15:18:44.166,83c8c23779fed513bf54b2caa651454b,0.02,-0.84,-0.44,1.21,-62.54,0.95,-88.64
2024-10-05 15:18:44.266,83c8c23779fed513bf54b2caa651454b,0.04,-0.82,-0.5,2.38,-58.55,0.96,-87.21
2024-10-05 15:18:44.366,83c8c23779fed513bf54b2caa651454b,-0.02,-0.82,-0.47,-0.97,-60.18,0.95,-91.11
2024-10-05 15:18:44.466,83c8c23779fed513bf54b2caa651454b,-0.05,-0.86,-0.61,-2.84,-54.52,1.05,-93.48
2024-10-05 15:18:44.566,83c8c23779fed513bf54b2caa651454b,0.09,-0.8,-0.54,5.22,-55.82,0.97,-83.72
2024-10-05 15:18:44.668,83c8c23779fed513bf54b2caa651454b,0.04,-0.85,-0.51,2.08,-58.81,0.99,-87.57
2024-10-05 15:18:44.777,83c8c23779fed513bf54b2caa651454b,0,-0.88,-0.47,0,-61.79,1,-90
2024-10-05 15:18:44.866,83c8c23779fed513bf54b2caa651454b,0.09,-0.82,-0.51,5.2,-57.64,0.97,-83.87
2024-10-05 15:18:44.966,83c8c23779fed513bf54b2caa651454b,0,-0.84,-0.47,0.24,-60.99,0.97,-89.73
2024-10-05 15:18:45.066,83c8c23779fed513bf54b2caa651454b,0.02,-0.8,-0.49,1.46,-58.71,0.94,-88.29
2024-10-05 15:18:45.166,83c8c23779fed513bf54b2caa651454b,0.02,-0.82,-0.5,1.42,-58.52,0.97,-88.33
2024-10-05 15:18:45.267,83c8c23779fed513bf54b2caa651454b,0.02,-0.81,-0.51,1.44,-57.81,0.95,-88.3
2024-10-05 15:18:45.366,83c8c23779fed513bf54b2caa651454b,0.01,-0.81,-0.48,0.48,-59.2,0.95,-89.44
2024-10-05 15:18:45.466,83c8c23779fed513bf54b2caa651454b,0.03,-0.82,-0.5,1.68,-58.67,0.96,-88.03
2024-10-05 15:18:45.567,83c8c23779fed513bf54b2caa651454b,0.02,-0.84,-0.49,0.94,-59.63,0.97,-88.91
2024-10-05 15:18:45.667,83c8c23779fed513bf54b2caa651454b,0.02,-0.82,-0.5,0.96,-58.69,0.96,-88.88
2024-10-05 15:18:45.767,83c8c23779fed513bf54b2caa651454b,0.02,-0.82,-0.5,1.43,-58.27,0.96,-88.32
2024-10-05 15:18:45.867,83c8c23779fed513bf54b2caa651454b,0,-0.81,-0.48,0.24,-59.41,0.94,-89.72
2024-10-05 15:18:45.967,83c8c23779fed513bf54b2caa651454b,0.02,-0.82,-0.48,1.44,-59.54,0.96,-88.33
2024-10-05 15:18:46.101,83c8c23779fed513bf54b2caa651454b,0.01,-0.82,-0.5,0.71,-58.74,0.96,-89.17
2024-10-05 15:18:46.168,83c8c23779fed513bf54b2caa651454b,0.02,-0.82,-0.5,1.19,-58.93,0.96,-88.61
2024-10-05 15:18:46.267,83c8c23779fed513bf54b2caa651454b,0.02,-0.84,-0.5,0.94,-59.43,0.98,-88.91
2024-10-05 15:18:46.368,83c8c23779fed513bf54b2caa651454b,0.04,-0.83,-0.52,2.33,-57.92,0.98,-87.25
2024-10-05 15:18:46.467,83c8c23779fed513bf54b2caa651454b,0.02,-0.85,-0.51,0.93,-58.87,0.99,-88.92
2024-10-05 15:18:46.611,83c8c23779fed513bf54b2caa651454b,0.03,-0.87,-0.49,1.84,-60.6,1,-87.89
2024-10-05 15:18:46.699,83c8c23779fed513bf54b2caa651454b,0.04,-0.82,-0.5,2.38,-58.67,0.96,-87.22
2024-10-05 15:18:46.768,83c8c23779fed513bf54b2caa651454b,0.02,-0.82,-0.5,1.43,-58.27,0.96,-88.32
2024-10-05 15:18:46.872,83c8c23779fed513bf54b2caa651454b,0.03,-0.83,-0.5,1.65,-58.75,0.97,-88.07
2024-10-05 15:18:46.968,83c8c23779fed513bf54b2caa651454b,0.03,-0.82,-0.5,1.92,-58.45,0.96,-87.75
2024-10-05 15:18:47.130,83c8c23779fed513bf54b2caa651454b,0,-0.83,-0.49,0,-59.28,0.96,-90
2024-10-05 15:18:47.168,83c8c23779fed513bf54b2caa651454b,0.03,-0.83,-0.5,1.66,-59.04,0.97,-88.06
2024-10-05 15:18:47.268,83c8c23779fed513bf54b2caa651454b,0.02,-0.83,-0.5,0.95,-59.19,0.97,-88.9
2024-10-05 15:18:47.370,83c8c23779fed513bf54b2caa651454b,0.02,-0.82,-0.48,1.44,-59.75,0.95,-88.33
2024-10-05 15:18:47.468,83c8c23779fed513bf54b2caa651454b,0.02,-0.83,-0.48,1.44,-59.87,0.96,-88.34
2024-10-05 15:18:47.607,83c8c23779fed513bf54b2caa651454b,0.02,-0.82,-0.48,1.2,-59.76,0.95,-88.61
2024-10-05 15:18:47.669,83c8c23779fed513bf54b2caa651454b,0.01,-0.83,-0.49,0.72,-59.48,0.96,-89.17
2024-10-05 15:18:47.769,83c8c23779fed513bf54b2caa651454b,0.02,-0.82,-0.49,1.2,-59.22,0.95,-88.6
2024-10-05 15:18:47.868,83c8c23779fed513bf54b2caa651454b,0.02,-0.84,-0.48,1.42,-60.34,0.97,-88.37
2024-10-05 15:18:47.969,83c8c23779fed513bf54b2caa651454b,0.02,-0.83,-0.48,1.43,-59.66,0.96,-88.34
2024-10-05 15:18:48.102,83c8c23779fed513bf54b2caa651454b,0.01,-0.82,-0.49,0.72,-59.11,0.95,-89.16
2024-10-05 15:18:48.169,83c8c23779fed513bf54b2caa651454b,0.02,-0.82,-0.49,0.96,-59.35,0.96,-88.89
2024-10-05 15:18:48.269,83c8c23779fed513bf54b2caa651454b,0.01,-0.82,-0.48,0.72,-59.44,0.95,-89.16
2024-10-05 15:18:48.369,83c8c23779fed513bf54b2caa651454b,0.01,-0.82,-0.49,0.72,-59.15,0.96,-89.17
2024-10-05 15:18:48.469,83c8c23779fed513bf54b2caa651454b,0.01,-0.84,-0.48,0.71,-60.16,0.97,-89.19
2024-10-05 15:18:48.598,83c8c23779fed513bf54b2caa651454b,0.02,-0.84,-0.49,1.41,-59.61,0.97,-88.36
2024-10-05 15:18:48.669,83c8c23779fed513bf54b2caa651454b,0.02,-0.82,-0.48,1.2,-59.43,0.95,-88.6
2024-10-05 15:18:48.769,83c8c23779fed513bf54b2caa651454b,0.02,-0.84,-0.48,1.19,-60.44,0.97,-88.64
2024-10-05 15:18:48.869,83c8c23779fed513bf54b2caa651454b,0.02,-0.84,-0.48,0.95,-60.04,0.97,-88.91
2024-10-05 15:18:48.969,83c8c23779fed513bf54b2caa651454b,0.03,-0.83,-0.47,1.68,-60.27,0.95,-88.06
2024-10-05 15:18:49.112,83c8c23779fed513bf54b2caa651454b,0.02,-0.84,-0.48,1.42,-60.02,0.97,-88.36
2024-10-05 15:18:49.170,83c8c23779fed513bf54b2caa651454b,0.01,-0.83,-0.47,0.72,-60.43,0.96,-89.17
2024-10-05 15:18:49.270,83c8c23779fed513bf54b2caa651454b,0.03,-0.84,-0.48,1.65,-60.33,0.97,-88.1
2024-10-05 15:18:49.370,83c8c23779fed513bf54b2caa651454b,0.01,-0.83,-0.48,0.72,-60.1,0.96,-89.17
2024-10-05 15:18:49.470,83c8c23779fed513bf54b2caa651454b,0.01,-0.84,-0.46,0.72,-61.17,0.95,-89.18
2024-10-05 15:18:49.604,83c8c23779fed513bf54b2caa651454b,0.02,-0.83,-0.48,1.44,-60.07,0.96,-88.34
2024-10-05 15:18:49.670,83c8c23779fed513bf54b2caa651454b,0.02,-0.83,-0.52,1.17,-57.98,0.98,-88.62
2024-10-05 15:18:49.770,83c8c23779fed513bf54b2caa651454b,0.02,-0.85,-0.5,1.4,-59.45,0.98,-88.38
2024-10-05 15:18:49.870,83c8c23779fed513bf54b2caa651454b,0.03,-0.83,-0.48,1.67,-59.98,0.96,-88.07
2024-10-05 15:18:49.970,83c8c23779fed513bf54b2caa651454b,0.01,-0.84,-0.47,0.71,-60.87,0.96,-89.18
2024-10-05 15:18:50.096,83c8c23779fed513bf54b2caa651454b,0.01,-0.83,-0.48,0.48,-60.22,0.96,-89.45
2024-10-05 15:18:50.170,83c8c23779fed513bf54b2caa651454b,0.02,-0.84,-0.48,1.18,-60.23,0.97,-88.64
2024-10-05 15:18:50.270,83c8c23779fed513bf54b2caa651454b,0.02,-0.83,-0.48,0.95,-59.8,0.96,-88.9
2024-10-05 15:18:50.371,83c8c23779fed513bf54b2caa651454b,0.02,-0.83,-0.46,0.96,-61.05,0.95,-88.9
2024-10-05 15:18:50.470,83c8c23779fed513bf54b2caa651454b,0,-0.83,-0.47,0.24,-60.31,0.95,-89.72
2024-10-05 15:18:50.598,83c8c23779fed513bf54b2caa651454b,0.02,-0.84,-0.43,1.46,-62.85,0.94,-88.36
2024-10-05 15:18:50.671,83c8c23779fed513bf54b2caa651454b,0.04,-0.83,-0.47,2.63,-60.33,0.96,-86.97
2024-10-05 15:18:50.771,83c8c23779fed513bf54b2caa651454b,-0.02,-0.78,-0.55,-0.96,-54.56,0.95,-91.18
2024-10-05 15:18:50.870,83c8c23779fed513bf54b2caa651454b,-0.01,-0.81,-0.49,-0.48,-58.78,0.95,-90.56
2024-10-05 15:18:50.971,83c8c23779fed513bf54b2caa651454b,-0.02,-0.82,-0.48,-0.96,-59.56,0.96,-91.11
2024-10-05 15:18:51.177,83c8c23779fed513bf54b2caa651454b,0.04,-0.85,-0.46,2.14,-61.45,0.97,-87.57
2024-10-05 15:18:51.178,83c8c23779fed513bf54b2caa651454b,0.02,-0.82,-0.48,0.96,-59.56,0.96,-88.89
2024-10-05 15:18:51.271,83c8c23779fed513bf54b2caa651454b,0.02,-0.82,-0.49,0.96,-59.02,0.96,-88.88
2024-10-05 15:18:51.371,83c8c23779fed513bf54b2caa651454b,0.01,-0.84,-0.48,0.71,-60.16,0.97,-89.19
2024-10-05 15:18:51.471,83c8c23779fed513bf54b2caa651454b,0.01,-0.83,-0.5,0.71,-58.66,0.97,-89.17
2024-10-05 15:18:51.621,83c8c23779fed513bf54b2caa651454b,0.02,-0.83,-0.48,0.96,-59.68,0.96,-88.89
2024-10-05 15:18:51.760,83c8c23779fed513bf54b2caa651454b,0,-0.83,-0.46,0.24,-60.85,0.95,-89.72
2024-10-05 15:18:51.816,83c8c23779fed513bf54b2caa651454b,0,-0.83,-0.48,0,-59.69,0.96,-90
2024-10-05 15:18:51.889,83c8c23779fed513bf54b2caa651454b,0.02,-0.82,-0.47,0.97,-60.18,0.95,-88.89
2024-10-05 15:18:51.972,83c8c23779fed513bf54b2caa651454b,0.01,-0.83,-0.5,0.71,-59.07,0.97,-89.17
2024-10-05 15:18:52.108,83c8c23779fed513bf54b2caa651454b,0.01,-0.82,-0.47,0.72,-60.19,0.95,-89.17
2024-10-05 15:18:52.173,83c8c23779fed513bf54b2caa651454b,0,-0.84,-0.48,0.24,-59.93,0.97,-89.73
2024-10-05 15:18:52.273,83c8c23779fed513bf54b2caa651454b,0.01,-0.81,-0.49,0.48,-58.99,0.95,-89.44
2024-10-05 15:18:52.372,83c8c23779fed513bf54b2caa651454b,0.01,-0.82,-0.48,0.48,-59.57,0.96,-89.44
2024-10-05 15:18:52.473,83c8c23779fed513bf54b2caa651454b,0,-0.83,-0.48,0.24,-59.81,0.96,-89.72
2024-10-05 15:18:52.604,83c8c23779fed513bf54b2caa651454b,0.01,-0.83,-0.49,0.48,-59.6,0.96,-89.45
2024-10-05 15:18:52.673,83c8c23779fed513bf54b2caa651454b,0.01,-0.82,-0.5,0.72,-58.49,0.96,-89.16
2024-10-05 15:18:52.773,83c8c23779fed513bf54b2caa651454b,0.01,-0.83,-0.48,0.72,-60.1,0.96,-89.17
2024-10-05 15:18:52.873,83c8c23779fed513bf54b2caa651454b,0.01,-0.83,-0.49,0.48,-59.48,0.96,-89.45
2024-10-05 15:18:52.973,83c8c23779fed513bf54b2caa651454b,0,-0.82,-0.49,0,-59.36,0.96,-90
2024-10-05 15:18:53.122,83c8c23779fed513bf54b2caa651454b,0.01,-0.84,-0.49,0.47,-59.84,0.97,-89.45
2024-10-05 15:18:53.173,83c8c23779fed513bf54b2caa651454b,0.02,-0.84,-0.48,0.95,-59.92,0.97,-88.9
2024-10-05 15:18:53.273,83c8c23779fed513bf54b2caa651454b,0.02,-0.84,-0.48,1.19,-59.91,0.97,-88.63
2024-10-05 15:18:53.414,83c8c23779fed513bf54b2caa651454b,0.01,-0.84,-0.48,0.71,-60.13,0.96,-89.18
2024-10-05 15:18:53.473,83c8c23779fed513bf54b2caa651454b,0,-0.84,-0.49,0.24,-59.73,0.97,-89.73
2024-10-05 15:18:53.604,83c8c23779fed513bf54b2caa651454b,0,-0.82,-0.48,0.24,-59.78,0.95,-89.72
2024-10-05 15:18:53.673,83c8c23779fed513bf54b2caa651454b,0.02,-0.83,-0.48,0.95,-59.8,0.96,-88.9
2024-10-05 15:18:53.773,83c8c23779fed513bf54b2caa651454b,0.01,-0.82,-0.48,0.72,-59.44,0.95,-89.16
2024-10-05 15:18:53.874,83c8c23779fed513bf54b2caa651454b,0.01,-0.83,-0.48,0.48,-59.69,0.96,-89.45
2024-10-05 15:18:53.973,83c8c23779fed513bf54b2caa651454b,0,-0.84,-0.48,0.24,-60.46,0.97,-89.73
2024-10-05 15:18:54.099,83c8c23779fed513bf54b2caa651454b,0.01,-0.84,-0.48,0.47,-60.57,0.97,-89.46
2024-10-05 15:18:54.174,83c8c23779fed513bf54b2caa651454b,0,-0.84,-0.49,-0.24,-59.73,0.97,-90.27
2024-10-05 15:18:54.274,83c8c23779fed513bf54b2caa651454b,0.01,-0.82,-0.48,0.72,-59.56,0.96,-89.17
2024-10-05 15:18:54.374,83c8c23779fed513bf54b2caa651454b,0,-0.83,-0.48,0.24,-59.9,0.96,-89.72
2024-10-05 15:18:54.474,83c8c23779fed513bf54b2caa651454b,0,-0.83,-0.48,-0.24,-59.81,0.96,-90.28
2024-10-05 15:18:54.600,83c8c23779fed513bf54b2caa651454b,0,-0.8,-0.49,-0.24,-58.74,0.94,-90.29
2024-10-05 15:18:54.674,83c8c23779fed513bf54b2caa651454b,0.02,-0.83,-0.47,0.96,-60.51,0.95,-88.89
2024-10-05 15:18:54.774,83c8c23779fed513bf54b2caa651454b,0.03,-0.83,-0.52,1.64,-58.16,0.98,-88.07
2024-10-05 15:18:54.975,83c8c23779fed513bf54b2caa651454b,-0.01,-0.85,-0.47,-0.47,-60.9,0.97,-90.54
2024-10-05 15:18:55.110,83c8c23779fed513bf54b2caa651454b,0,-0.83,-0.47,0.24,-60.43,0.96,-89.72
2024-10-05 15:18:55.174,83c8c23779fed513bf54b2caa651454b,-0.02,-0.84,-0.48,-0.95,-59.92,0.97,-91.1
2024-10-05 15:18:55.274,83c8c23779fed513bf54b2caa651454b,0.02,-0.83,-0.48,0.95,-60,0.96,-88.9
2024-10-05 15:18:55.374,83c8c23779fed513bf54b2caa651454b,-0.01,-0.82,-0.47,-0.48,-60.19,0.95,-90.56
2024-10-05 15:18:55.475,83c8c23779fed513bf54b2caa651454b,0.01,-0.84,-0.47,0.48,-60.55,0.96,-89.45
2024-10-05 15:18:55.605,83c8c23779fed513bf54b2caa651454b,0.01,-0.83,-0.47,0.48,-60.31,0.95,-89.45
2024-10-05 15:18:55.675,83c8c23779fed513bf54b2caa651454b,0,-0.84,-0.47,0,-60.88,0.96,-90
2024-10-05 15:18:55.775,83c8c23779fed513bf54b2caa651454b,0,-0.84,-0.47,0,-60.99,0.97,-90
2024-10-05 15:18:55.875,83c8c23779fed513bf54b2caa651454b,0,-0.84,-0.47,0.24,-60.67,0.96,-89.73
2024-10-05 15:18:55.975,83c8c23779fed513bf54b2caa651454b,-0.01,-0.83,-0.48,-0.48,-60.22,0.96,-90.55
2024-10-05 15:18:56.146,83c8c23779fed513bf54b2caa651454b,0,-0.82,-0.47,0.24,-60.4,0.95,-89.72
2024-10-05 15:18:56.175,83c8c23779fed513bf54b2caa651454b,0.02,-0.84,-0.48,1.18,-60.35,0.97,-88.64
2024-10-05 15:18:56.278,83c8c23779fed513bf54b2caa651454b,0.01,-0.83,-0.48,0.48,-60.1,0.96,-89.45
2024-10-05 15:18:56.375,83c8c23779fed513bf54b2caa651454b,0,-0.83,-0.48,0.24,-59.9,0.96,-89.72
2024-10-05 15:18:56.475,83c8c23779fed513bf54b2caa651454b,0,-0.83,-0.47,0,-60.52,0.95,-90
2024-10-05 15:18:56.600,83c8c23779fed513bf54b2caa651454b,0,-0.85,-0.48,0,-60.28,0.98,-90
2024-10-05 15:18:56.701,83c8c23779fed513bf54b2caa651454b,0.01,-0.81,-0.49,0.48,-58.78,0.95,-89.44
2024-10-05 15:18:56.776,83c8c23779fed513bf54b2caa651454b,0,-0.84,-0.46,0,-61.2,0.96,-90
2024-10-05 15:18:56.877,83c8c23779fed513bf54b2caa651454b,0.01,-0.84,-0.46,0.72,-61.38,0.95,-89.18
2024-10-05 15:18:56.976,83c8c23779fed513bf54b2caa651454b,0.01,-0.83,-0.47,0.48,-60.31,0.95,-89.45
2024-10-05 15:18:57.140,83c8c23779fed513bf54b2caa651454b,0,-0.84,-0.46,0.24,-61.08,0.96,-89.73
2024-10-05 15:18:57.176,83c8c23779fed513bf54b2caa651454b,0,-0.83,-0.47,0,-60.52,0.95,-90
2024-10-05 15:18:57.276,83c8c23779fed513bf54b2caa651454b,0,-0.84,-0.48,0.24,-60.14,0.96,-89.73
2024-10-05 15:18:57.392,83c8c23779fed513bf54b2caa651454b,0,-0.82,-0.46,0,-60.62,0.95,-90
2024-10-05 15:18:57.477,83c8c23779fed513bf54b2caa651454b,0,-0.85,-0.47,0,-60.9,0.97,-90
2024-10-05 15:18:57.607,83c8c23779fed513bf54b2caa651454b,0,-0.84,-0.47,0.24,-60.78,0.97,-89.73
2024-10-05 15:18:57.676,83c8c23779fed513bf54b2caa651454b,0.01,-0.84,-0.47,0.72,-60.54,0.96,-89.18
2024-10-05 15:18:57.776,83c8c23779fed513bf54b2caa651454b,0,-0.84,-0.46,0,-61.29,0.96,-90
2024-10-05 15:18:57.876,83c8c23779fed513bf54b2caa651454b,0,-0.84,-0.48,0.24,-60.46,0.97,-89.73
2024-10-05 15:18:57.977,83c8c23779fed513bf54b2caa651454b,0,-0.84,-0.47,0,-60.88,0.96,-90
2024-10-05 15:18:58.099,83c8c23779fed513bf54b2caa651454b,0,-0.83,-0.47,0.24,-60.52,0.95,-89.72
2024-10-05 15:18:58.177,83c8c23779fed513bf54b2caa651454b,0,-0.84,-0.48,-0.24,-60.25,0.97,-90.27
2024-10-05 15:18:58.277,83c8c23779fed513bf54b2caa651454b,0,-0.83,-0.48,0,-60.11,0.96,-90
2024-10-05 15:18:58.377,83c8c23779fed513bf54b2caa651454b,0,-0.84,-0.47,0.24,-60.67,0.96,-89.73
2024-10-05 15:18:58.477,83c8c23779fed513bf54b2caa651454b,0.01,-0.82,-0.47,0.49,-60.16,0.94,-89.44
2024-10-05 15:18:58.600,83c8c23779fed513bf54b2caa651454b,0,-0.83,-0.48,0,-59.9,0.96,-90
2024-10-05 15:18:58.677,83c8c23779fed513bf54b2caa651454b,0.01,-0.84,-0.47,0.48,-60.55,0.96,-89.45
2024-10-05 15:18:58.777,83c8c23779fed513bf54b2caa651454b,0,-0.84,-0.48,-0.24,-60.34,0.96,-90.27
2024-10-05 15:18:58.877,83c8c23779fed513bf54b2caa651454b,0.01,-0.83,-0.46,0.48,-60.85,0.95,-89.45
2024-10-05 15:18:58.977,83c8c23779fed513bf54b2caa651454b,0.01,-0.84,-0.48,0.47,-60.57,0.97,-89.46
2024-10-05 15:18:59.109,83c8c23779fed513bf54b2caa651454b,0,-0.82,-0.47,0.24,-60.19,0.95,-89.72
2024-10-05 15:18:59.177,83c8c23779fed513bf54b2caa651454b,0.01,-0.84,-0.46,0.48,-61.08,0.96,-89.45
2024-10-05 15:18:59.278,83c8c23779fed513bf54b2caa651454b,0,-0.83,-0.46,-0.24,-60.85,0.95,-90.28
2024-10-05 15:18:59.378,83c8c23779fed513bf54b2caa651454b,0.01,-0.82,-0.47,0.73,-60.07,0.95,-89.16
2024-10-05 15:18:59.478,83c8c23779fed513bf54b2caa651454b,0,-0.84,-0.48,-0.24,-60.46,0.97,-90.27
2024-10-05 15:18:59.607,83c8c23779fed513bf54b2caa651454b,0.01,-0.84,-0.48,0.47,-59.93,0.97,-89.45
2024-10-05 15:18:59.678,83c8c23779fed513bf54b2caa651454b,0.01,-0.82,-0.48,0.48,-59.86,0.95,-89.44
2024-10-05 15:18:59.778,83c8c23779fed513bf54b2caa651454b,0,-0.83,-0.48,-0.24,-59.9,0.96,-90.28
2024-10-05 15:18:59.878,83c8c23779fed513bf54b2caa651454b,0,-0.83,-0.46,-0.24,-60.85,0.95,-90.28
2024-10-05 15:18:59.979,83c8c23779fed513bf54b2caa651454b,-0.09,-0.86,-0.51,-5.28,-58.91,1,-96.13
2024-10-05 15:19:00.215,83c8c23779fed513bf54b2caa651454b,-0.22,-0.74,-0.5,-13.81,-53.38,0.92,-106.56
2024-10-05 15:19:00.278,83c8c23779fed513bf54b2caa651454b,-0.16,-0.84,-0.54,-9.31,-55.93,1.01,-101.05
2024-10-05 15:19:00.379,83c8c23779fed513bf54b2caa651454b,-0.04,-0.72,-0.55,-2.53,-52.65,0.91,-93.18
2024-10-05 15:19:00.479,83c8c23779fed513bf54b2caa651454b,0.02,-0.78,-0.54,0.97,-55.35,0.94,-88.82
2024-10-05 15:19:00.597,83c8c23779fed513bf54b2caa651454b,0.06,-0.74,-0.57,3.66,-52.29,0.94,-85.39
2024-10-05 15:19:00.679,83c8c23779fed513bf54b2caa651454b,0.05,-0.77,-0.58,2.85,-52.99,0.97,-86.44
2024-10-05 15:19:00.782,83c8c23779fed513bf54b2caa651454b,0.06,-0.77,-0.58,3.81,-52.96,0.96,-85.24
2024-10-05 15:19:00.896,83c8c23779fed513bf54b2caa651454b,0.06,-0.78,-0.58,3.3,-52.91,0.97,-85.87
2024-10-05 15:19:00.979,83c8c23779fed513bf54b2caa651454b,0.05,-0.76,-0.58,3.13,-52.58,0.95,-86.07
2024-10-05 15:19:01.142,83c8c23779fed513bf54b2caa651454b,0.04,-0.76,-0.58,2.4,-52.44,0.95,-86.97
2024-10-05 15:19:01.209,83c8c23779fed513bf54b2caa651454b,0.03,-0.76,-0.59,1.9,-52.38,0.96,-87.6
2024-10-05 15:19:01.279,83c8c23779fed513bf54b2caa651454b,0.01,-0.76,-0.6,0.71,-51.56,0.97,-89.09
2024-10-05 15:19:01.379,83c8c23779fed513bf54b2caa651454b,0.03,-0.76,-0.61,1.88,-51.12,0.98,-87.59
